epiweek,time_value,issue,geo_type,geo_value,region,week,weekorder,year,adv_tests,evrv_tests,flu_tests,flua_tests,flub_tests,hcov_tests,hmpv_tests,hpiv_tests,rsv_tests,sarscov2_tests,adv_pct_positive,evrv_pct_positive,flu_pct_positive,flua_pct_positive,flub_pct_positive,hcov_pct_positive,hmpv_pct_positive,hpiv_pct_positive,rsv_pct_positive,sarscov2_pct_positive,adv_positive_tests,evrv_positive_tests,flu_positive_tests,flua_positive_tests,flub_positive_tests,hcov_positive_tests,hmpv_positive_tests,hpiv_positive_tests,rsv_positive_tests,sarscov2_positive_tests
202435,20240831,20250220,province,ab,prairies,35,1,2024,NA,NA,NA,NA,NA,NA,NA,NA,NA,3141,NA,NA,NA,NA,NA,NA,NA,NA,NA,10.2,NA,NA,NA,NA,NA,NA,NA,NA,NA,320
202436,20240907,20250220,province,ab,prairies,36,2,2024,NA,NA,NA,NA,NA,NA,NA,NA,NA,3290,NA,NA,NA,NA,NA,NA,NA,NA,NA,11.9,NA,NA,NA,NA,NA,NA,NA,NA,NA,393
202437,20240914,20250220,province,ab,prairies,37,3,2024,NA,NA,NA,NA,NA,NA,NA,NA,NA,3571,NA,NA,NA,NA,NA,NA,NA,NA,NA,11.6,NA,NA,NA,NA,NA,NA,NA,NA,NA,415
202438,20240921,20250220,province,ab,prairies,38,4,2024,NA,NA,NA,NA,NA,NA,NA,NA,NA,4070,NA,NA,NA,NA,NA,NA,NA,NA,NA,12.2,NA,NA,NA,NA,NA,NA,NA,NA,NA,497
202439,20240928,20250220,province,ab,prairies,39,5,2024,NA,NA,NA,NA,NA,NA,NA,NA,NA,5249,NA,NA,NA,NA,NA,NA,NA,NA,NA,12,NA,NA,NA,NA,NA,NA,NA,NA,NA,632
202440,20241005,20250220,province,ab,prairies,40,6,2024,NA,NA,NA,NA,NA,NA,NA,NA,NA,5212,NA,NA,NA,NA,NA,NA,NA,NA,NA,12.2,NA,NA,NA,NA,NA,NA,NA,NA,NA,634
202441,20241012,20250220,province,ab,prairies,41,7,2024,NA,NA,NA,NA,NA,NA,NA,NA,NA,5535,NA,NA,NA,NA,NA,NA,NA,NA,NA,14.7,NA,NA,NA,NA,NA,NA,NA,NA,NA,812
202442,20241019,20250220,province,ab,prairies,42,8,2024,NA,NA,NA,NA,NA,NA,NA,NA,NA,5606,NA,NA,NA,NA,NA,NA,NA,NA,NA,13.7,NA,NA,NA,NA,NA,NA,NA,NA,NA,770
202443,20241026,20250220,province,ab,prairies,43,9,2024,NA,NA,NA,NA,NA,NA,NA,NA,NA,5854,NA,NA,NA,NA,NA,NA,NA,NA,NA,12.5,NA,NA,NA,NA,NA,NA,NA,NA,NA,730
202444,20241102,20250220,province,ab,prairies,44,10,2024,NA,NA,NA,NA,NA,NA,NA,NA,NA,6108,NA,NA,NA,NA,NA,NA,NA,NA,NA,11.6,NA,NA,NA,NA,NA,NA,NA,NA,NA,706
202445,20241109,20250220,province,ab,prairies,45,11,2024,NA,NA,NA,NA,NA,NA,NA,NA,NA,6069,NA,NA,NA,NA,NA,NA,NA,NA,NA,11.5,NA,NA,NA,NA,NA,NA,NA,NA,NA,699
202446,20241116,20250220,province,ab,prairies,46,12,2024,NA,NA,NA,NA,NA,NA,NA,NA,NA,6166,NA,NA,NA,NA,NA,NA,NA,NA,NA,11.1,NA,NA,NA,NA,NA,NA,NA,NA,NA,684
202447,20241123,20250220,province,ab,prairies,47,13,2024,NA,NA,NA,NA,NA,NA,NA,NA,NA,5930,NA,NA,NA,NA,NA,NA,NA,NA,NA,11.5,NA,NA,NA,NA,NA,NA,NA,NA,NA,680
202448,20241130,20250220,province,ab,prairies,48,14,2024,NA,NA,NA,NA,NA,NA,NA,NA,NA,6049,NA,NA,NA,NA,NA,NA,NA,NA,NA,9.8,NA,NA,NA,NA,NA,NA,NA,NA,NA,595
202449,20241207,20250220,province,ab,prairies,49,15,2024,NA,NA,NA,NA,NA,NA,NA,NA,NA,6240,NA,NA,NA,NA,NA,NA,NA,NA,NA,9.2,NA,NA,NA,NA,NA,NA,NA,NA,NA,573
202450,20241214,20250220,province,ab,prairies,50,16,2024,NA,NA,NA,NA,NA,NA,NA,NA,NA,6410,NA,NA,NA,NA,NA,NA,NA,NA,NA,8.8,NA,NA,NA,NA,NA,NA,NA,NA,NA,565
202451,20241221,20250220,province,ab,prairies,51,17,2024,NA,NA,NA,NA,NA,NA,NA,NA,NA,6811,NA,NA,NA,NA,NA,NA,NA,NA,NA,8.6,NA,NA,NA,NA,NA,NA,NA,NA,NA,586
202452,20241228,20250220,province,ab,prairies,52,18,2024,NA,NA,NA,NA,NA,NA,NA,NA,NA,6974,NA,NA,NA,NA,NA,NA,NA,NA,NA,6.7,NA,NA,NA,NA,NA,NA,NA,NA,NA,464
202501,20250104,20250220,province,ab,prairies,1,19,2025,NA,NA,NA,NA,NA,NA,NA,NA,NA,7390,NA,NA,NA,NA,NA,NA,NA,NA,NA,6.2,NA,NA,NA,NA,NA,NA,NA,NA,NA,460
202502,20250111,20250220,province,ab,prairies,2,20,2025,NA,NA,NA,NA,NA,NA,NA,NA,NA,7066,NA,NA,NA,NA,NA,NA,NA,NA,NA,5.1,NA,NA,NA,NA,NA,NA,NA,NA,NA,361
202503,20250118,20250220,province,ab,prairies,3,21,2025,NA,NA,NA,NA,NA,NA,NA,NA,NA,6479,NA,NA,NA,NA,NA,NA,NA,NA,NA,5,NA,NA,NA,NA,NA,NA,NA,NA,NA,325
202504,20250125,20250220,province,ab,prairies,4,22,2025,NA,NA,NA,NA,NA,NA,NA,NA,NA,6035,NA,NA,NA,NA,NA,NA,NA,NA,NA,3.3,NA,NA,NA,NA,NA,NA,NA,NA,NA,201
202505,20250201,20250220,province,ab,prairies,5,23,2025,NA,NA,NA,NA,NA,NA,NA,NA,NA,5931,NA,NA,NA,NA,NA,NA,NA,NA,NA,2.3,NA,NA,NA,NA,NA,NA,NA,NA,NA,138
202506,20250208,20250220,province,ab,prairies,6,24,2025,NA,NA,NA,NA,NA,NA,NA,NA,NA,5795,NA,NA,NA,NA,NA,NA,NA,NA,NA,2,NA,NA,NA,NA,NA,NA,NA,NA,NA,115
202507,20250215,20250220,province,ab,prairies,7,25,2025,NA,NA,NA,NA,NA,NA,NA,NA,NA,5706,NA,NA,NA,NA,NA,NA,NA,NA,NA,1.8,NA,NA,NA,NA,NA,NA,NA,NA,NA,101
202435,20240831,20250220,region,atlantic,atlantic,35,1,2024,576,576,2242,2242,2242,576,576,576,2146,2933,1.7,9.9,0.1,0,0,0.5,0.2,1.4,0.1,17.7,10,57,2,1,1,3,1,8,2,518
202436,20240907,20250220,region,atlantic,atlantic,36,2,2024,577,577,2265,2265,2265,577,577,577,2218,2903,1.4,12.7,0.1,0.1,0,0.3,0.3,1.2,0,17.3,8,73,2,2,0,2,2,7,0,503
202437,20240914,20250220,region,atlantic,atlantic,37,3,2024,698,698,2554,2554,2554,708,698,698,2467,3185,1.7,17.3,0,0,0,0.6,0.1,1.1,0,17,12,121,1,1,0,4,1,8,1,542
202438,20240921,20250220,region,atlantic,atlantic,38,4,2024,847,847,2814,2814,2814,847,847,847,2719,3522,1.2,25.6,0,0,0,1.2,0.1,1.2,0,17,10,217,1,1,0,10,1,10,0,599
202439,20240928,20250220,region,atlantic,atlantic,39,5,2024,834,834,3085,3085,3085,834,834,834,2982,3858,1.0,26.9,0.2,0.2,0,0.8,0.5,0.7,0.1,16.3,8,224,6,6,0,7,4,6,3,629
202440,20241005,20250220,region,atlantic,atlantic,40,6,2024,889,889,3136,3136,3136,889,889,889,3026,3825,0.8,27.0,0,0,0,0.6,0.0,1.6,0.2,15.2,7,240,1,1,0,5,0,14,5,580
202441,20241012,20250220,region,atlantic,atlantic,41,7,2024,921,921,2996,2996,2996,921,921,921,2877,3644,1.5,24.8,0,0,0,0.2,0.1,1.7,0.3,12.9,14,228,1,1,0,2,1,16,10,469
202442,20241019,20250220,region,atlantic,atlantic,42,8,2024,906,906,2917,2917,2917,906,906,906,2819,3619,1.2,23.5,0.1,0.1,0,0.4,0.1,1.8,0.3,11.5,11,213,2,2,0,4,1,16,9,416
202443,20241026,20250220,region,atlantic,atlantic,43,9,2024,968,968,3051,3051,3051,968,968,968,2948,3781,1.1,21.9,0.2,0.2,0,0.3,0.0,2.2,0.2,11.7,11,212,5,5,0,3,0,21,6,444
202444,20241102,20250220,region,atlantic,atlantic,44,10,2024,987,987,2783,2783,2783,987,987,987,2682,3348,1.7,18.5,0.2,0.2,0,0.7,0.2,1.9,0.3,10.5,17,183,5,5,0,7,2,19,7,350
202445,20241109,20250220,region,atlantic,atlantic,45,11,2024,1122,1122,3032,3032,3032,1122,1122,1122,2958,3580,2.1,19.4,0.4,0.4,0,0.7,0.3,1.7,0.4,9.6,24,218,11,11,0,8,3,19,13,344
202446,20241116,20250220,region,atlantic,atlantic,46,12,2024,990,990,2948,2948,2948,990,990,990,2872,3280,2.5,20.3,1,0.9,0.1,1.3,0.5,2.0,1.3,8.6,25,201,30,27,3,13,5,20,36,281
202447,20241123,20250220,region,atlantic,atlantic,47,13,2024,1147,1147,3220,3220,3220,1147,1147,1147,3120,3389,2.9,18.7,1.1,1.1,0,1.5,0.7,2.3,1.5,6.7,33,215,36,35,1,17,8,26,46,228
202448,20241130,20250220,region,atlantic,atlantic,48,14,2024,1005,1005,3044,3044,3044,1005,1005,1005,2978,3263,3.8,16.9,1.9,1.8,0.1,2.4,0.2,4.4,2.8,6,38,170,58,55,3,24,2,44,83,197
202449,20241207,20250220,region,atlantic,atlantic,49,15,2024,915,915,2960,2960,2960,914,914,914,2906,3125,4.7,16.0,3.2,3.1,0.2,2.6,1.0,2.1,4.2,6.4,43,146,96,91,5,24,9,19,121,201
202450,20241214,20250220,region,atlantic,atlantic,50,16,2024,1017,1017,3237,3237,3237,1015,1017,998,3203,3437,5.1,16.9,3.9,3.7,0.1,3.1,1.3,2.4,5.6,6.5,52,172,125,121,4,31,13,24,178,222
202451,20241221,20250220,region,atlantic,atlantic,51,17,2024,977,977,3482,3482,3482,1057,977,976,3396,3681,4.0,15.9,4.4,4.3,0.1,5.0,1.3,2.6,8.1,8.1,39,155,154,149,5,53,13,25,274,299
202452,20241228,20250220,region,atlantic,atlantic,52,18,2024,776,776,3206,3206,3206,776,776,775,3122,3379,4.4,12.0,7.2,7,0.2,4.0,1.5,3.5,9.9,7.1,34,93,231,225,6,31,12,27,310,240
202501,20250104,20250220,region,atlantic,atlantic,1,19,2025,984,984,4070,4070,4070,984,984,984,3911,4367,6.4,10.0,7.5,7.1,0.3,4.9,2.0,2.4,9.7,6.5,63,98,304,291,13,48,20,24,380,284
202502,20250111,20250220,region,atlantic,atlantic,2,20,2025,1126,1126,4028,4028,4028,1126,1126,1126,3925,4376,5.5,10.2,8.5,8.4,0.1,4.4,1.4,2.8,9,6.6,62,115,342,338,4,49,16,31,355,291
202503,20250118,20250220,region,atlantic,atlantic,3,21,2025,1035,1035,3875,3875,3875,1031,1035,1031,3786,3771,6.0,7.7,8.7,8.5,0.3,5.5,1.4,2.6,11.3,6.4,62,80,338,328,10,57,14,27,429,243
202504,20250125,20250220,region,atlantic,atlantic,4,22,2025,1027,1026,3859,3859,3859,1028,1026,1029,3766,3894,4.8,9.4,11.2,10.9,0.3,6.6,1.6,2.1,12.5,5,49,96,432,420,12,68,16,22,472,195
202505,20250201,20250220,region,atlantic,atlantic,5,23,2025,856,855,4010,4010,4010,852,855,852,3915,3899,3.9,8.9,14.3,13.6,0.7,5.0,2.8,2.0,12.8,5.2,33,76,575,546,29,43,24,17,502,203
202506,20250208,20250220,region,atlantic,atlantic,6,24,2025,804,811,4338,4338,4338,808,811,790,4244,4188,2.4,7.2,17.8,17.2,0.6,6.2,1.5,2.8,13.1,4.6,19,58,773,745,28,50,12,22,555,193
202507,20250215,20250220,region,atlantic,atlantic,7,25,2025,746,746,4298,4298,4298,747,746,737,4265,4352,1.1,6.6,23.8,22.8,0.9,7.1,2.4,1.5,11.2,4.4,8,49,1022,982,40,53,18,11,476,190
202435,20240831,20250220,province,bc,bc,35,1,2024,621,617,2517,2517,2517,617,621,621,2517,2571,0.3,8.9,1.4,1.4,0,0.2,1.4,1.4,0.5,18.8,2,55,35,34,1,1,9,9,12,484
202436,20240907,20250220,province,bc,bc,36,2,2024,715,712,2683,2683,2683,712,715,715,2709,2807,1.3,12.1,1.5,1.5,0,0.0,0.6,1.7,0.1,19.1,9,86,41,41,0,0,4,12,2,535
202437,20240914,20250220,province,bc,bc,37,3,2024,713,704,2832,2832,2832,704,713,713,2826,2919,0.7,15.6,2.1,2,0.1,1.0,0.8,1.4,0.3,18.9,5,110,59,57,2,7,6,10,9,551
202438,20240921,20250220,province,bc,bc,38,4,2024,831,823,3033,3033,3033,823,831,831,3033,3075,0.2,22.6,2,2,0,0.5,0.5,2.6,0.4,17.3,2,186,60,60,0,4,4,22,12,531
202439,20240928,20250220,province,bc,bc,39,5,2024,843,833,3415,3415,3415,833,843,843,3415,3446,0.2,25.1,1.9,1.9,0,0.4,0.7,1.7,0.2,18.5,2,209,65,64,1,3,6,14,7,637
202440,20241005,20250220,province,bc,bc,40,6,2024,915,901,3554,3554,3554,872,878,878,3539,3588,1.7,21.5,1.1,1.1,0,0.5,1.5,2.1,0.4,17.6,16,194,39,38,1,4,13,18,14,630
202441,20241012,20250220,province,bc,bc,41,7,2024,942,940,3798,3798,3798,893,901,901,3780,3613,1.0,22.3,1.2,1.1,0,0.6,0.7,2.2,0.6,17.7,9,210,44,43,1,5,6,20,21,641
202442,20241019,20250220,province,bc,bc,42,8,2024,1029,1027,4004,4004,4004,988,998,998,3903,3828,1.2,23.4,1.2,1.1,0,0.4,1.0,2.1,1.1,16.1,12,240,47,46,1,4,10,21,41,615
202443,20241026,20250220,province,bc,bc,43,9,2024,1044,1027,3699,3699,3699,988,1003,1003,3586,3485,0.9,18.6,1.1,1.1,0.1,0.4,1.4,4.0,1.1,13.1,9,191,41,39,2,4,14,40,39,458
202444,20241102,20250220,province,bc,bc,44,10,2024,1023,1010,3798,3798,3798,974,997,997,3660,3567,1.5,17.9,1.4,1.3,0.1,0.2,1.2,3.3,1.3,12.7,15,181,52,50,2,2,12,33,47,453
202445,20241109,20250220,province,bc,bc,45,11,2024,1233,1242,3848,3848,3848,1195,1205,1205,3715,3471,0.6,17.7,2,1.7,0.3,0.3,0.7,5.1,2.1,8.7,8,220,76,64,12,4,8,62,79,303
202446,20241116,20250220,province,bc,bc,46,12,2024,1441,1446,4227,4227,4227,1407,1418,1418,4081,3670,1.4,18.0,1.8,1.6,0.3,0.7,1.5,3.9,3.7,7.4,20,260,77,66,11,10,21,55,151,273
202447,20241123,20250220,province,bc,bc,47,13,2024,1426,1442,3955,3955,3955,1387,1395,1396,3820,3428,1.3,15.2,2.4,2.1,0.2,0.4,1.3,4.0,5.2,6,19,219,93,85,8,5,18,56,197,206
202448,20241130,20250220,province,bc,bc,48,14,2024,1513,1533,4029,4029,4029,1478,1488,1488,3907,3413,1.8,15.2,3.5,3.2,0.3,1.1,1.6,5.9,7.6,4.7,27,233,140,128,12,16,24,88,298,160
202449,20241207,20250220,province,bc,bc,49,15,2024,1663,1645,4223,4223,4223,1612,1626,1627,4091,3621,3.0,16.8,4.6,4.3,0.3,1.4,2.2,5.3,10.4,4.2,50,277,193,180,13,22,36,86,425,151
202450,20241214,20250220,province,bc,bc,50,16,2024,1718,1713,4547,4547,4547,1678,1688,1688,4399,4020,2.0,13.4,6.7,6.4,0.4,1.4,2.9,4.9,10.3,5.7,35,229,305,289,16,24,49,83,451,230
202451,20241221,20250220,province,bc,bc,51,17,2024,1701,1695,5090,5090,5090,1658,1669,1669,4801,4392,1.8,14.7,12,11.4,0.6,3.3,3.6,5.5,12,5.4,30,249,613,582,31,55,60,91,577,237
202452,20241228,20250220,province,bc,bc,52,18,2024,1509,1505,4940,4940,4940,1469,1479,1481,4796,4238,1.9,15.2,12.1,11.6,0.5,4.0,3.7,4.4,12.2,5.1,29,229,599,574,25,59,55,65,584,217
202501,20250104,20250220,province,bc,bc,1,19,2025,1617,1632,5405,5405,5405,1586,1594,1596,5205,4718,2.2,10.4,13,12.3,0.7,3.8,4.0,3.9,11.4,4.8,35,169,701,663,38,61,64,63,593,225
202502,20250111,20250220,province,bc,bc,2,20,2025,1673,1675,5589,5589,5589,1628,1643,1643,5375,4983,1.3,8.5,13.9,13.4,0.5,3.1,4.9,3.9,9.3,4.5,22,143,775,747,28,50,80,64,500,222
202503,20250118,20250220,province,bc,bc,3,21,2025,1707,1724,5498,5498,5498,1679,1686,1686,5339,4893,0.9,8.1,15.1,14.2,0.9,3.6,3.6,2.4,9.3,3.6,16,139,831,781,50,60,61,41,496,178
202504,20250125,20250220,province,bc,bc,4,22,2025,1725,1739,5355,5355,5355,1688,1702,1702,5143,4699,1.3,8.8,20.8,19.6,1.3,5.5,3.2,2.1,8.9,2.5,23,153,1116,1048,68,93,54,36,458,116
202505,20250201,20250220,province,bc,bc,5,23,2025,1914,1915,6191,6191,6191,1869,1882,1883,5912,5318,2.2,8.6,25.5,23.5,2,7.9,2.9,1.8,8.2,2.3,42,165,1576,1455,121,148,54,34,482,124
202506,20250208,20250220,province,bc,bc,6,24,2025,2025,2024,6513,6513,6513,1987,1999,2000,6258,5663,1.3,7.9,28.4,25.8,2.6,7.9,3.4,1.7,7.3,2.5,26,159,1850,1683,167,157,67,34,457,142
202507,20250215,20250220,province,bc,bc,7,25,2025,1662,1668,6613,6613,6613,1636,1649,1649,6372,5954,1.1,6.9,32.2,28.6,3.6,9.7,3.2,1.5,6.2,2,19,115,2131,1893,238,159,52,24,398,118
202435,20240831,20250220,nation,ca,ca,35,1,2024,7633,7697,18265,18265,18265,6253,7611,7590,17044,27090,0.9,9.5,0.6,0.5,0,0.5,0.4,1.5,0.5,17.8,67,734,106,99,7,31,30,114,88,4824
202436,20240907,20250220,nation,ca,ca,36,2,2024,7590,7644,18364,18364,18364,6244,7556,7534,17106,27160,0.9,10.1,0.5,0.4,0,0.6,0.2,1.7,0.5,18.3,66,773,88,82,6,36,18,127,77,4971
202437,20240914,20250220,nation,ca,ca,37,3,2024,8547,8590,20610,20610,20610,7096,8481,8498,19058,30651,0.7,13.2,0.5,0.5,0,0.7,0.2,1.2,0.6,18.6,62,1133,112,102,10,49,21,105,118,5704
202438,20240921,20250220,nation,ca,ca,38,4,2024,8970,8999,21217,21217,21217,7456,8894,8906,19795,32453,0.7,19.0,0.5,0.5,0,0.7,0.2,1.3,0.6,18.9,65,1710,112,102,10,54,20,116,111,6121
202439,20240928,20250220,nation,ca,ca,39,5,2024,9484,9511,22509,22509,22509,7832,9515,9435,21225,34324,0.9,20.5,0.5,0.4,0,0.6,0.2,1.2,0.8,17,88,1945,109,101,8,48,20,109,169,5839
202440,20241005,20250220,nation,ca,ca,40,6,2024,10464,10478,24308,24308,24308,8734,10447,10372,22942,35015,1.0,19.8,0.4,0.4,0,0.6,0.2,1.5,0.8,16.1,103,2070,100,88,12,56,25,153,180,5634
202441,20241012,20250220,nation,ca,ca,41,7,2024,10533,10561,25420,25420,25420,8770,10516,10427,24087,35035,1.1,19.4,0.4,0.4,0,0.4,0.2,1.7,1.1,15,111,2048,101,93,8,38,17,177,254,5246
202442,20241019,20250220,nation,ca,ca,42,8,2024,10738,10779,26012,26012,26012,8805,10686,10635,24723,35253,1.0,15.7,0.5,0.5,0,0.4,0.2,1.6,1.3,15.6,104,1689,133,120,13,38,26,169,326,5488
202443,20241026,20250220,nation,ca,ca,43,9,2024,11348,11346,27263,27263,27263,9438,11310,11243,25888,35717,1.1,14.5,0.6,0.5,0.1,0.4,0.3,2.1,1.5,15.1,130,1649,152,134,18,38,29,236,385,5382
202444,20241102,20250220,nation,ca,ca,44,10,2024,10986,10993,27034,27034,27034,9187,10958,10926,25545,34370,1.3,13.6,0.8,0.7,0.1,0.4,0.3,2.1,1.9,13.8,143,1499,212,192,20,41,33,233,495,4734
202445,20241109,20250220,nation,ca,ca,45,11,2024,11372,11411,27960,27960,27960,9776,11329,11306,26569,34318,1.5,14.0,1,0.8,0.1,0.7,0.3,2.2,2.7,12.5,165,1599,273,232,41,67,33,247,714,4305
202446,20241116,20250220,nation,ca,ca,46,12,2024,10879,10927,28092,28092,28092,9386,10849,10803,26344,32822,1.9,14.6,1.1,0.9,0.1,0.7,0.5,2.6,4.1,11,209,1590,296,261,35,66,54,283,1078,3605
202447,20241123,20250220,nation,ca,ca,47,13,2024,11744,11786,29482,29482,29482,10157,11692,11659,27468,32831,2.0,13.7,1.3,1.2,0.1,0.9,0.5,2.3,5.5,10.2,232,1615,391,349,42,91,54,270,1501,3357
202448,20241130,20250220,nation,ca,ca,48,14,2024,11750,11784,29451,29451,29451,10066,11704,11688,27397,32364,1.9,13.5,2.1,1.9,0.2,1.2,0.6,2.8,7.1,9.7,227,1586,604,553,51,125,70,332,1940,3129
202449,20241207,20250220,nation,ca,ca,49,15,2024,11969,11984,30508,30508,30508,10060,11905,11892,28283,33179,2.1,11.6,3.1,3,0.2,1.5,0.8,2.4,8.5,9.2,254,1388,960,905,55,151,91,290,2410,3059
202450,20241214,20250220,nation,ca,ca,50,16,2024,12715,12746,32644,32644,32644,10780,12653,12624,30206,35031,1.9,10.8,4.4,4.2,0.2,1.8,1.0,2.5,9.6,10,247,1378,1450,1386,64,195,125,312,2909,3510
202451,20241221,20250220,nation,ca,ca,51,17,2024,13115,13116,35105,35105,35105,11127,13038,13027,32409,37302,1.7,10.0,7.3,7,0.3,2.6,1.1,2.4,11.1,9.7,221,1316,2578,2465,113,290,141,318,3584,3625
202452,20241228,20250220,nation,ca,ca,52,18,2024,12006,11987,34323,34323,34323,9905,11899,11952,31674,35916,1.7,8.9,10.4,9.9,0.5,3.1,1.4,2.3,11.7,9,200,1068,3558,3397,161,307,163,276,3720,3219
202501,20250104,20250220,nation,ca,ca,1,19,2025,14763,14817,41690,41690,41690,12288,14695,14702,38264,43185,1.6,7.0,11.4,10.9,0.4,3.6,1.4,2.0,10.8,9.2,235,1040,4740,4555,185,443,203,291,4120,3971
202502,20250111,20250220,nation,ca,ca,2,20,2025,15164,15196,42586,42586,42586,12751,15062,15085,39168,44413,1.4,5.9,11.7,11.3,0.4,3.5,1.5,1.8,9.1,8.4,207,897,5002,4831,171,442,233,275,3570,3743
202503,20250118,20250220,nation,ca,ca,3,21,2025,13990,14048,39354,39354,39354,11749,13930,13912,36304,40045,1.3,5.4,13.6,12.9,0.7,3.9,1.4,1.4,8.7,6.8,184,759,5343,5087,256,458,195,197,3172,2734
202504,20250125,20250220,nation,ca,ca,4,22,2025,13729,13772,38587,38587,38587,11585,13675,13636,35621,38918,1.3,5.6,16.9,16,0.9,5.1,1.5,1.2,8.1,5.9,173,765,6505,6172,333,595,208,161,2884,2293
202505,20250201,20250220,nation,ca,ca,5,23,2025,14337,14369,42406,42406,42406,13630,14249,14229,38677,41725,1.3,5.4,21,19.7,1.2,6.1,1.8,1.2,6.9,5.2,190,783,8886,8368,518,828,255,173,2662,2153
202506,20250208,20250220,nation,ca,ca,6,24,2025,13893,13931,43936,43936,43936,13771,13806,13777,39865,42923,1.1,5.6,24.5,22.9,1.6,7.0,1.5,1.1,5.9,4.5,152,774,10762,10070,692,963,207,150,2368,1943
202507,20250215,20250220,nation,ca,ca,7,25,2025,13083,13140,43813,43813,43813,12946,13027,12988,39648,43667,1.0,5.1,26.9,24.9,2,7.4,1.5,0.9,4.9,4,132,674,11790,10913,877,964,191,113,1938,1750
202435,20240831,20250220,province,mb,prairies,35,1,2024,NA,NA,NA,NA,NA,NA,NA,NA,NA,1095,NA,NA,NA,NA,NA,NA,NA,NA,NA,17.2,NA,NA,NA,NA,NA,NA,NA,NA,NA,188
202436,20240907,20250220,province,mb,prairies,36,2,2024,NA,NA,NA,NA,NA,NA,NA,NA,NA,1136,NA,NA,NA,NA,NA,NA,NA,NA,NA,18.9,NA,NA,NA,NA,NA,NA,NA,NA,NA,215
202437,20240914,20250220,province,mb,prairies,37,3,2024,NA,NA,NA,NA,NA,NA,NA,NA,NA,1118,NA,NA,NA,NA,NA,NA,NA,NA,NA,16.4,NA,NA,NA,NA,NA,NA,NA,NA,NA,183
202438,20240921,20250220,province,mb,prairies,38,4,2024,NA,NA,NA,NA,NA,NA,NA,NA,NA,1105,NA,NA,NA,NA,NA,NA,NA,NA,NA,18,NA,NA,NA,NA,NA,NA,NA,NA,NA,199
202439,20240928,20250220,province,mb,prairies,39,5,2024,NA,NA,NA,NA,NA,NA,NA,NA,NA,1327,NA,NA,NA,NA,NA,NA,NA,NA,NA,19.5,NA,NA,NA,NA,NA,NA,NA,NA,NA,259
202440,20241005,20250220,province,mb,prairies,40,6,2024,NA,NA,NA,NA,NA,NA,NA,NA,NA,1350,NA,NA,NA,NA,NA,NA,NA,NA,NA,19.6,NA,NA,NA,NA,NA,NA,NA,NA,NA,265
202441,20241012,20250220,province,mb,prairies,41,7,2024,NA,NA,NA,NA,NA,NA,NA,NA,NA,1277,NA,NA,NA,NA,NA,NA,NA,NA,NA,16.6,NA,NA,NA,NA,NA,NA,NA,NA,NA,212
202442,20241019,20250220,province,mb,prairies,42,8,2024,NA,NA,NA,NA,NA,NA,NA,NA,NA,1243,NA,NA,NA,NA,NA,NA,NA,NA,NA,18.6,NA,NA,NA,NA,NA,NA,NA,NA,NA,231
202443,20241026,20250220,province,mb,prairies,43,9,2024,NA,NA,NA,NA,NA,NA,NA,NA,NA,1510,NA,NA,NA,NA,NA,NA,NA,NA,NA,19.3,NA,NA,NA,NA,NA,NA,NA,NA,NA,292
202444,20241102,20250220,province,mb,prairies,44,10,2024,NA,NA,NA,NA,NA,NA,NA,NA,NA,1514,NA,NA,NA,NA,NA,NA,NA,NA,NA,21.4,NA,NA,NA,NA,NA,NA,NA,NA,NA,324
202445,20241109,20250220,province,mb,prairies,45,11,2024,NA,NA,NA,NA,NA,NA,NA,NA,NA,1349,NA,NA,NA,NA,NA,NA,NA,NA,NA,18,NA,NA,NA,NA,NA,NA,NA,NA,NA,243
202446,20241116,20250220,province,mb,prairies,46,12,2024,NA,NA,NA,NA,NA,NA,NA,NA,NA,1330,NA,NA,NA,NA,NA,NA,NA,NA,NA,17,NA,NA,NA,NA,NA,NA,NA,NA,NA,226
202447,20241123,20250220,province,mb,prairies,47,13,2024,NA,NA,NA,NA,NA,NA,NA,NA,NA,1228,NA,NA,NA,NA,NA,NA,NA,NA,NA,13,NA,NA,NA,NA,NA,NA,NA,NA,NA,160
202448,20241130,20250220,province,mb,prairies,48,14,2024,NA,NA,NA,NA,NA,NA,NA,NA,NA,1124,NA,NA,NA,NA,NA,NA,NA,NA,NA,10.9,NA,NA,NA,NA,NA,NA,NA,NA,NA,123
202449,20241207,20250220,province,mb,prairies,49,15,2024,NA,NA,NA,NA,NA,NA,NA,NA,NA,1132,NA,NA,NA,NA,NA,NA,NA,NA,NA,11.5,NA,NA,NA,NA,NA,NA,NA,NA,NA,130
202450,20241214,20250220,province,mb,prairies,50,16,2024,NA,NA,NA,NA,NA,NA,NA,NA,NA,1103,NA,NA,NA,NA,NA,NA,NA,NA,NA,8,NA,NA,NA,NA,NA,NA,NA,NA,NA,88
202451,20241221,20250220,province,mb,prairies,51,17,2024,NA,NA,NA,NA,NA,NA,NA,NA,NA,1119,NA,NA,NA,NA,NA,NA,NA,NA,NA,7.8,NA,NA,NA,NA,NA,NA,NA,NA,NA,87
202452,20241228,20250220,province,mb,prairies,52,18,2024,NA,NA,NA,NA,NA,NA,NA,NA,NA,1258,NA,NA,NA,NA,NA,NA,NA,NA,NA,6.4,NA,NA,NA,NA,NA,NA,NA,NA,NA,80
202501,20250104,20250220,province,mb,prairies,1,19,2025,NA,NA,NA,NA,NA,NA,NA,NA,NA,1164,NA,NA,NA,NA,NA,NA,NA,NA,NA,5.1,NA,NA,NA,NA,NA,NA,NA,NA,NA,59
202502,20250111,20250220,province,mb,prairies,2,20,2025,NA,NA,NA,NA,NA,NA,NA,NA,NA,1615,NA,NA,NA,NA,NA,NA,NA,NA,NA,4.3,NA,NA,NA,NA,NA,NA,NA,NA,NA,69
202503,20250118,20250220,province,mb,prairies,3,21,2025,NA,NA,NA,NA,NA,NA,NA,NA,NA,1544,NA,NA,NA,NA,NA,NA,NA,NA,NA,3.4,NA,NA,NA,NA,NA,NA,NA,NA,NA,52
202504,20250125,20250220,province,mb,prairies,4,22,2025,NA,NA,NA,NA,NA,NA,NA,NA,NA,1425,NA,NA,NA,NA,NA,NA,NA,NA,NA,3.1,NA,NA,NA,NA,NA,NA,NA,NA,NA,44
202505,20250201,20250220,province,mb,prairies,5,23,2025,NA,NA,NA,NA,NA,NA,NA,NA,NA,1538,NA,NA,NA,NA,NA,NA,NA,NA,NA,2.5,NA,NA,NA,NA,NA,NA,NA,NA,NA,39
202506,20250208,20250220,province,mb,prairies,6,24,2025,NA,NA,NA,NA,NA,NA,NA,NA,NA,1532,NA,NA,NA,NA,NA,NA,NA,NA,NA,3.2,NA,NA,NA,NA,NA,NA,NA,NA,NA,49
202507,20250215,20250220,province,mb,prairies,7,25,2025,NA,NA,NA,NA,NA,NA,NA,NA,NA,1663,NA,NA,NA,NA,NA,NA,NA,NA,NA,1.7,NA,NA,NA,NA,NA,NA,NA,NA,NA,29
202435,20240831,20250220,province,nb,atlantic,35,1,2024,NA,NA,NA,NA,NA,NA,NA,NA,NA,1073,NA,NA,NA,NA,NA,NA,NA,NA,NA,16.8,NA,NA,NA,NA,NA,NA,NA,NA,NA,180
202436,20240907,20250220,province,nb,atlantic,36,2,2024,NA,NA,NA,NA,NA,NA,NA,NA,NA,1064,NA,NA,NA,NA,NA,NA,NA,NA,NA,16.5,NA,NA,NA,NA,NA,NA,NA,NA,NA,176
202437,20240914,20250220,province,nb,atlantic,37,3,2024,NA,NA,NA,NA,NA,NA,NA,NA,NA,1158,NA,NA,NA,NA,NA,NA,NA,NA,NA,17.1,NA,NA,NA,NA,NA,NA,NA,NA,NA,198
202438,20240921,20250220,province,nb,atlantic,38,4,2024,NA,NA,NA,NA,NA,NA,NA,NA,NA,1272,NA,NA,NA,NA,NA,NA,NA,NA,NA,16,NA,NA,NA,NA,NA,NA,NA,NA,NA,204
202439,20240928,20250220,province,nb,atlantic,39,5,2024,NA,NA,NA,NA,NA,NA,NA,NA,NA,1348,NA,NA,NA,NA,NA,NA,NA,NA,NA,15.7,NA,NA,NA,NA,NA,NA,NA,NA,NA,212
202440,20241005,20250220,province,nb,atlantic,40,6,2024,NA,NA,NA,NA,NA,NA,NA,NA,NA,1194,NA,NA,NA,NA,NA,NA,NA,NA,NA,14,NA,NA,NA,NA,NA,NA,NA,NA,NA,167
202441,20241012,20250220,province,nb,atlantic,41,7,2024,NA,NA,NA,NA,NA,NA,NA,NA,NA,1110,NA,NA,NA,NA,NA,NA,NA,NA,NA,12,NA,NA,NA,NA,NA,NA,NA,NA,NA,133
202442,20241019,20250220,province,nb,atlantic,42,8,2024,NA,NA,NA,NA,NA,NA,NA,NA,NA,1156,NA,NA,NA,NA,NA,NA,NA,NA,NA,10.5,NA,NA,NA,NA,NA,NA,NA,NA,NA,121
202443,20241026,20250220,province,nb,atlantic,43,9,2024,NA,NA,NA,NA,NA,NA,NA,NA,NA,1203,NA,NA,NA,NA,NA,NA,NA,NA,NA,11,NA,NA,NA,NA,NA,NA,NA,NA,NA,132
202444,20241102,20250220,province,nb,atlantic,44,10,2024,NA,NA,NA,NA,NA,NA,NA,NA,NA,1122,NA,NA,NA,NA,NA,NA,NA,NA,NA,10.2,NA,NA,NA,NA,NA,NA,NA,NA,NA,114
202445,20241109,20250220,province,nb,atlantic,45,11,2024,NA,NA,NA,NA,NA,NA,NA,NA,NA,1083,NA,NA,NA,NA,NA,NA,NA,NA,NA,8.9,NA,NA,NA,NA,NA,NA,NA,NA,NA,96
202446,20241116,20250220,province,nb,atlantic,46,12,2024,NA,NA,NA,NA,NA,NA,NA,NA,NA,1024,NA,NA,NA,NA,NA,NA,NA,NA,NA,8.9,NA,NA,NA,NA,NA,NA,NA,NA,NA,91
202447,20241123,20250220,province,nb,atlantic,47,13,2024,NA,NA,NA,NA,NA,NA,NA,NA,NA,1098,NA,NA,NA,NA,NA,NA,NA,NA,NA,8.4,NA,NA,NA,NA,NA,NA,NA,NA,NA,92
202448,20241130,20250220,province,nb,atlantic,48,14,2024,NA,NA,NA,NA,NA,NA,NA,NA,NA,1058,NA,NA,NA,NA,NA,NA,NA,NA,NA,8.7,NA,NA,NA,NA,NA,NA,NA,NA,NA,92
202449,20241207,20250220,province,nb,atlantic,49,15,2024,NA,NA,NA,NA,NA,NA,NA,NA,NA,1059,NA,NA,NA,NA,NA,NA,NA,NA,NA,6.8,NA,NA,NA,NA,NA,NA,NA,NA,NA,72
202450,20241214,20250220,province,nb,atlantic,50,16,2024,NA,NA,NA,NA,NA,NA,NA,NA,NA,1201,NA,NA,NA,NA,NA,NA,NA,NA,NA,5.9,NA,NA,NA,NA,NA,NA,NA,NA,NA,71
202451,20241221,20250220,province,nb,atlantic,51,17,2024,NA,NA,NA,NA,NA,NA,NA,NA,NA,1331,NA,NA,NA,NA,NA,NA,NA,NA,NA,7.1,NA,NA,NA,NA,NA,NA,NA,NA,NA,94
202452,20241228,20250220,province,nb,atlantic,52,18,2024,NA,NA,NA,NA,NA,NA,NA,NA,NA,1234,NA,NA,NA,NA,NA,NA,NA,NA,NA,5.9,NA,NA,NA,NA,NA,NA,NA,NA,NA,73
202501,20250104,20250220,province,nb,atlantic,1,19,2025,NA,NA,NA,NA,NA,NA,NA,NA,NA,1486,NA,NA,NA,NA,NA,NA,NA,NA,NA,4.2,NA,NA,NA,NA,NA,NA,NA,NA,NA,63
202502,20250111,20250220,province,nb,atlantic,2,20,2025,NA,NA,NA,NA,NA,NA,NA,NA,NA,1458,NA,NA,NA,NA,NA,NA,NA,NA,NA,5.1,NA,NA,NA,NA,NA,NA,NA,NA,NA,75
202503,20250118,20250220,province,nb,atlantic,3,21,2025,NA,NA,NA,NA,NA,NA,NA,NA,NA,1146,NA,NA,NA,NA,NA,NA,NA,NA,NA,6,NA,NA,NA,NA,NA,NA,NA,NA,NA,69
202504,20250125,20250220,province,nb,atlantic,4,22,2025,NA,NA,NA,NA,NA,NA,NA,NA,NA,1463,NA,NA,NA,NA,NA,NA,NA,NA,NA,3.3,NA,NA,NA,NA,NA,NA,NA,NA,NA,48
202505,20250201,20250220,province,nb,atlantic,5,23,2025,NA,NA,NA,NA,NA,NA,NA,NA,NA,1478,NA,NA,NA,NA,NA,NA,NA,NA,NA,2.6,NA,NA,NA,NA,NA,NA,NA,NA,NA,39
202506,20250208,20250220,province,nb,atlantic,6,24,2025,NA,NA,NA,NA,NA,NA,NA,NA,NA,1818,NA,NA,NA,NA,NA,NA,NA,NA,NA,2.8,NA,NA,NA,NA,NA,NA,NA,NA,NA,51
202507,20250215,20250220,province,nb,atlantic,7,25,2025,NA,NA,NA,NA,NA,NA,NA,NA,NA,1793,NA,NA,NA,NA,NA,NA,NA,NA,NA,2.2,NA,NA,NA,NA,NA,NA,NA,NA,NA,40
202435,20240831,20250220,province,nl,atlantic,35,1,2024,NA,NA,NA,NA,NA,NA,NA,NA,NA,523,NA,NA,NA,NA,NA,NA,NA,NA,NA,13.2,NA,NA,NA,NA,NA,NA,NA,NA,NA,69
202436,20240907,20250220,province,nl,atlantic,36,2,2024,NA,NA,NA,NA,NA,NA,NA,NA,NA,511,NA,NA,NA,NA,NA,NA,NA,NA,NA,14.5,NA,NA,NA,NA,NA,NA,NA,NA,NA,74
202437,20240914,20250220,province,nl,atlantic,37,3,2024,NA,NA,NA,NA,NA,NA,NA,NA,NA,566,NA,NA,NA,NA,NA,NA,NA,NA,NA,15.7,NA,NA,NA,NA,NA,NA,NA,NA,NA,89
202438,20240921,20250220,province,nl,atlantic,38,4,2024,NA,NA,NA,NA,NA,NA,NA,NA,NA,775,NA,NA,NA,NA,NA,NA,NA,NA,NA,13,NA,NA,NA,NA,NA,NA,NA,NA,NA,101
202439,20240928,20250220,province,nl,atlantic,39,5,2024,NA,NA,NA,NA,NA,NA,NA,NA,NA,789,NA,NA,NA,NA,NA,NA,NA,NA,NA,13.1,NA,NA,NA,NA,NA,NA,NA,NA,NA,103
202440,20241005,20250220,province,nl,atlantic,40,6,2024,NA,NA,NA,NA,NA,NA,NA,NA,NA,776,NA,NA,NA,NA,NA,NA,NA,NA,NA,12.5,NA,NA,NA,NA,NA,NA,NA,NA,NA,97
202441,20241012,20250220,province,nl,atlantic,41,7,2024,NA,NA,NA,NA,NA,NA,NA,NA,NA,777,NA,NA,NA,NA,NA,NA,NA,NA,NA,9.8,NA,NA,NA,NA,NA,NA,NA,NA,NA,76
202442,20241019,20250220,province,nl,atlantic,42,8,2024,NA,NA,NA,NA,NA,NA,NA,NA,NA,794,NA,NA,NA,NA,NA,NA,NA,NA,NA,9.9,NA,NA,NA,NA,NA,NA,NA,NA,NA,79
202443,20241026,20250220,province,nl,atlantic,43,9,2024,NA,NA,NA,NA,NA,NA,NA,NA,NA,879,NA,NA,NA,NA,NA,NA,NA,NA,NA,9.8,NA,NA,NA,NA,NA,NA,NA,NA,NA,86
202444,20241102,20250220,province,nl,atlantic,44,10,2024,NA,NA,NA,NA,NA,NA,NA,NA,NA,841,NA,NA,NA,NA,NA,NA,NA,NA,NA,8.4,NA,NA,NA,NA,NA,NA,NA,NA,NA,71
202445,20241109,20250220,province,nl,atlantic,45,11,2024,NA,NA,NA,NA,NA,NA,NA,NA,NA,1015,NA,NA,NA,NA,NA,NA,NA,NA,NA,8.6,NA,NA,NA,NA,NA,NA,NA,NA,NA,87
202446,20241116,20250220,province,nl,atlantic,46,12,2024,NA,NA,NA,NA,NA,NA,NA,NA,NA,882,NA,NA,NA,NA,NA,NA,NA,NA,NA,9.4,NA,NA,NA,NA,NA,NA,NA,NA,NA,83
202447,20241123,20250220,province,nl,atlantic,47,13,2024,NA,NA,NA,NA,NA,NA,NA,NA,NA,975,NA,NA,NA,NA,NA,NA,NA,NA,NA,3.8,NA,NA,NA,NA,NA,NA,NA,NA,NA,37
202448,20241130,20250220,province,nl,atlantic,48,14,2024,NA,NA,NA,NA,NA,NA,NA,NA,NA,859,NA,NA,NA,NA,NA,NA,NA,NA,NA,3.4,NA,NA,NA,NA,NA,NA,NA,NA,NA,29
202449,20241207,20250220,province,nl,atlantic,49,15,2024,NA,NA,NA,NA,NA,NA,NA,NA,NA,717,NA,NA,NA,NA,NA,NA,NA,NA,NA,2.6,NA,NA,NA,NA,NA,NA,NA,NA,NA,19
202450,20241214,20250220,province,nl,atlantic,50,16,2024,NA,NA,NA,NA,NA,NA,NA,NA,NA,827,NA,NA,NA,NA,NA,NA,NA,NA,NA,3.6,NA,NA,NA,NA,NA,NA,NA,NA,NA,30
202451,20241221,20250220,province,nl,atlantic,51,17,2024,NA,NA,NA,NA,NA,NA,NA,NA,NA,789,NA,NA,NA,NA,NA,NA,NA,NA,NA,6.2,NA,NA,NA,NA,NA,NA,NA,NA,NA,49
202452,20241228,20250220,province,nl,atlantic,52,18,2024,NA,NA,NA,NA,NA,NA,NA,NA,NA,570,NA,NA,NA,NA,NA,NA,NA,NA,NA,3.9,NA,NA,NA,NA,NA,NA,NA,NA,NA,22
202501,20250104,20250220,province,nl,atlantic,1,19,2025,NA,NA,NA,NA,NA,NA,NA,NA,NA,846,NA,NA,NA,NA,NA,NA,NA,NA,NA,5,NA,NA,NA,NA,NA,NA,NA,NA,NA,42
202502,20250111,20250220,province,nl,atlantic,2,20,2025,NA,NA,NA,NA,NA,NA,NA,NA,NA,966,NA,NA,NA,NA,NA,NA,NA,NA,NA,6.1,NA,NA,NA,NA,NA,NA,NA,NA,NA,59
202503,20250118,20250220,province,nl,atlantic,3,21,2025,NA,NA,NA,NA,NA,NA,NA,NA,NA,872,NA,NA,NA,NA,NA,NA,NA,NA,NA,6.5,NA,NA,NA,NA,NA,NA,NA,NA,NA,57
202504,20250125,20250220,province,nl,atlantic,4,22,2025,NA,NA,NA,NA,NA,NA,NA,NA,NA,786,NA,NA,NA,NA,NA,NA,NA,NA,NA,6.6,NA,NA,NA,NA,NA,NA,NA,NA,NA,52
202505,20250201,20250220,province,nl,atlantic,5,23,2025,NA,NA,NA,NA,NA,NA,NA,NA,NA,605,NA,NA,NA,NA,NA,NA,NA,NA,NA,6.6,NA,NA,NA,NA,NA,NA,NA,NA,NA,40
202506,20250208,20250220,province,nl,atlantic,6,24,2025,NA,NA,NA,NA,NA,NA,NA,NA,NA,574,NA,NA,NA,NA,NA,NA,NA,NA,NA,7.5,NA,NA,NA,NA,NA,NA,NA,NA,NA,43
202507,20250215,20250220,province,nl,atlantic,7,25,2025,NA,NA,NA,NA,NA,NA,NA,NA,NA,545,NA,NA,NA,NA,NA,NA,NA,NA,NA,7.7,NA,NA,NA,NA,NA,NA,NA,NA,NA,42
202435,20240831,20250220,province,nt,territories,35,1,2024,NA,NA,NA,NA,NA,NA,NA,NA,NA,26,NA,NA,NA,NA,NA,NA,NA,NA,NA,30.8,NA,NA,NA,NA,NA,NA,NA,NA,NA,8
202436,20240907,20250220,province,nt,territories,36,2,2024,NA,NA,NA,NA,NA,NA,NA,NA,NA,42,NA,NA,NA,NA,NA,NA,NA,NA,NA,23.8,NA,NA,NA,NA,NA,NA,NA,NA,NA,10
202437,20240914,20250220,province,nt,territories,37,3,2024,NA,NA,NA,NA,NA,NA,NA,NA,NA,37,NA,NA,NA,NA,NA,NA,NA,NA,NA,18.9,NA,NA,NA,NA,NA,NA,NA,NA,NA,7
202438,20240921,20250220,province,nt,territories,38,4,2024,NA,NA,NA,NA,NA,NA,NA,NA,NA,47,NA,NA,NA,NA,NA,NA,NA,NA,NA,12.8,NA,NA,NA,NA,NA,NA,NA,NA,NA,6
202439,20240928,20250220,province,nt,territories,39,5,2024,NA,NA,NA,NA,NA,NA,NA,NA,NA,40,NA,NA,NA,NA,NA,NA,NA,NA,NA,2.5,NA,NA,NA,NA,NA,NA,NA,NA,NA,1
202440,20241005,20250220,province,nt,territories,40,6,2024,NA,NA,NA,NA,NA,NA,NA,NA,NA,38,NA,NA,NA,NA,NA,NA,NA,NA,NA,5.3,NA,NA,NA,NA,NA,NA,NA,NA,NA,2
202441,20241012,20250220,province,nt,territories,41,7,2024,NA,NA,NA,NA,NA,NA,NA,NA,NA,54,NA,NA,NA,NA,NA,NA,NA,NA,NA,1.9,NA,NA,NA,NA,NA,NA,NA,NA,NA,1
202442,20241019,20250220,province,nt,territories,42,8,2024,NA,NA,NA,NA,NA,NA,NA,NA,NA,46,NA,NA,NA,NA,NA,NA,NA,NA,NA,19.6,NA,NA,NA,NA,NA,NA,NA,NA,NA,9
202443,20241026,20250220,province,nt,territories,43,9,2024,NA,NA,NA,NA,NA,NA,NA,NA,NA,45,NA,NA,NA,NA,NA,NA,NA,NA,NA,11.1,NA,NA,NA,NA,NA,NA,NA,NA,NA,5
202444,20241102,20250220,province,nt,territories,44,10,2024,NA,NA,NA,NA,NA,NA,NA,NA,NA,22,NA,NA,NA,NA,NA,NA,NA,NA,NA,13.6,NA,NA,NA,NA,NA,NA,NA,NA,NA,3
202445,20241109,20250220,province,nt,territories,45,11,2024,NA,NA,NA,NA,NA,NA,NA,NA,NA,25,NA,NA,NA,NA,NA,NA,NA,NA,NA,12,NA,NA,NA,NA,NA,NA,NA,NA,NA,3
202446,20241116,20250220,province,nt,territories,46,12,2024,NA,NA,NA,NA,NA,NA,NA,NA,NA,41,NA,NA,NA,NA,NA,NA,NA,NA,NA,7.3,NA,NA,NA,NA,NA,NA,NA,NA,NA,3
202447,20241123,20250220,province,nt,territories,47,13,2024,NA,NA,NA,NA,NA,NA,NA,NA,NA,38,NA,NA,NA,NA,NA,NA,NA,NA,NA,7.9,NA,NA,NA,NA,NA,NA,NA,NA,NA,3
202448,20241130,20250220,province,nt,territories,48,14,2024,NA,NA,NA,NA,NA,NA,NA,NA,NA,25,NA,NA,NA,NA,NA,NA,NA,NA,NA,8,NA,NA,NA,NA,NA,NA,NA,NA,NA,2
202449,20241207,20250220,province,nt,territories,49,15,2024,NA,NA,NA,NA,NA,NA,NA,NA,NA,25,NA,NA,NA,NA,NA,NA,NA,NA,NA,12,NA,NA,NA,NA,NA,NA,NA,NA,NA,3
202450,20241214,20250220,province,nt,territories,50,16,2024,NA,NA,NA,NA,NA,NA,NA,NA,NA,34,NA,NA,NA,NA,NA,NA,NA,NA,NA,8.8,NA,NA,NA,NA,NA,NA,NA,NA,NA,3
202451,20241221,20250220,province,nt,territories,51,17,2024,NA,NA,NA,NA,NA,NA,NA,NA,NA,30,NA,NA,NA,NA,NA,NA,NA,NA,NA,0,NA,NA,NA,NA,NA,NA,NA,NA,NA,0
202452,20241228,20250220,province,nt,territories,52,18,2024,NA,NA,NA,NA,NA,NA,NA,NA,NA,17,NA,NA,NA,NA,NA,NA,NA,NA,NA,0,NA,NA,NA,NA,NA,NA,NA,NA,NA,0
202501,20250104,20250220,province,nt,territories,1,19,2025,NA,NA,NA,NA,NA,NA,NA,NA,NA,27,NA,NA,NA,NA,NA,NA,NA,NA,NA,3.7,NA,NA,NA,NA,NA,NA,NA,NA,NA,1
202502,20250111,20250220,province,nt,territories,2,20,2025,NA,NA,NA,NA,NA,NA,NA,NA,NA,23,NA,NA,NA,NA,NA,NA,NA,NA,NA,0,NA,NA,NA,NA,NA,NA,NA,NA,NA,0
202503,20250118,20250220,province,nt,territories,3,21,2025,NA,NA,NA,NA,NA,NA,NA,NA,NA,38,NA,NA,NA,NA,NA,NA,NA,NA,NA,5.3,NA,NA,NA,NA,NA,NA,NA,NA,NA,2
202504,20250125,20250220,province,nt,territories,4,22,2025,NA,NA,NA,NA,NA,NA,NA,NA,NA,60,NA,NA,NA,NA,NA,NA,NA,NA,NA,1.7,NA,NA,NA,NA,NA,NA,NA,NA,NA,1
202505,20250201,20250220,province,nt,territories,5,23,2025,NA,NA,NA,NA,NA,NA,NA,NA,NA,61,NA,NA,NA,NA,NA,NA,NA,NA,NA,3.3,NA,NA,NA,NA,NA,NA,NA,NA,NA,2
202506,20250208,20250220,province,nt,territories,6,24,2025,NA,NA,NA,NA,NA,NA,NA,NA,NA,57,NA,NA,NA,NA,NA,NA,NA,NA,NA,0,NA,NA,NA,NA,NA,NA,NA,NA,NA,0
202507,20250215,20250220,province,nt,territories,7,25,2025,NA,NA,NA,NA,NA,NA,NA,NA,NA,61,NA,NA,NA,NA,NA,NA,NA,NA,NA,0,NA,NA,NA,NA,NA,NA,NA,NA,NA,0
202435,20240831,20250220,province,ns,atlantic,35,1,2024,NA,NA,NA,NA,NA,NA,NA,NA,NA,1198,NA,NA,NA,NA,NA,NA,NA,NA,NA,20.6,NA,NA,NA,NA,NA,NA,NA,NA,NA,247
202436,20240907,20250220,province,ns,atlantic,36,2,2024,NA,NA,NA,NA,NA,NA,NA,NA,NA,1205,NA,NA,NA,NA,NA,NA,NA,NA,NA,18.9,NA,NA,NA,NA,NA,NA,NA,NA,NA,228
202437,20240914,20250220,province,ns,atlantic,37,3,2024,NA,NA,NA,NA,NA,NA,NA,NA,NA,1331,NA,NA,NA,NA,NA,NA,NA,NA,NA,18,NA,NA,NA,NA,NA,NA,NA,NA,NA,239
202438,20240921,20250220,province,ns,atlantic,38,4,2024,NA,NA,NA,NA,NA,NA,NA,NA,NA,1339,NA,NA,NA,NA,NA,NA,NA,NA,NA,20.8,NA,NA,NA,NA,NA,NA,NA,NA,NA,279
202439,20240928,20250220,province,ns,atlantic,39,5,2024,NA,NA,NA,NA,NA,NA,NA,NA,NA,1560,NA,NA,NA,NA,NA,NA,NA,NA,NA,18.3,NA,NA,NA,NA,NA,NA,NA,NA,NA,286
202440,20241005,20250220,province,ns,atlantic,40,6,2024,NA,NA,NA,NA,NA,NA,NA,NA,NA,1659,NA,NA,NA,NA,NA,NA,NA,NA,NA,17.7,NA,NA,NA,NA,NA,NA,NA,NA,NA,294
202441,20241012,20250220,province,ns,atlantic,41,7,2024,NA,NA,NA,NA,NA,NA,NA,NA,NA,1585,NA,NA,NA,NA,NA,NA,NA,NA,NA,14.9,NA,NA,NA,NA,NA,NA,NA,NA,NA,236
202442,20241019,20250220,province,ns,atlantic,42,8,2024,NA,NA,NA,NA,NA,NA,NA,NA,NA,1461,NA,NA,NA,NA,NA,NA,NA,NA,NA,11.4,NA,NA,NA,NA,NA,NA,NA,NA,NA,167
202443,20241026,20250220,province,ns,atlantic,43,9,2024,NA,NA,NA,NA,NA,NA,NA,NA,NA,1440,NA,NA,NA,NA,NA,NA,NA,NA,NA,12.9,NA,NA,NA,NA,NA,NA,NA,NA,NA,186
202444,20241102,20250220,province,ns,atlantic,44,10,2024,NA,NA,NA,NA,NA,NA,NA,NA,NA,1217,NA,NA,NA,NA,NA,NA,NA,NA,NA,12.2,NA,NA,NA,NA,NA,NA,NA,NA,NA,149
202445,20241109,20250220,province,ns,atlantic,45,11,2024,NA,NA,NA,NA,NA,NA,NA,NA,NA,1340,NA,NA,NA,NA,NA,NA,NA,NA,NA,10.9,NA,NA,NA,NA,NA,NA,NA,NA,NA,146
202446,20241116,20250220,province,ns,atlantic,46,12,2024,NA,NA,NA,NA,NA,NA,NA,NA,NA,1211,NA,NA,NA,NA,NA,NA,NA,NA,NA,7.3,NA,NA,NA,NA,NA,NA,NA,NA,NA,89
202447,20241123,20250220,province,ns,atlantic,47,13,2024,NA,NA,NA,NA,NA,NA,NA,NA,NA,1209,NA,NA,NA,NA,NA,NA,NA,NA,NA,7.6,NA,NA,NA,NA,NA,NA,NA,NA,NA,92
202448,20241130,20250220,province,ns,atlantic,48,14,2024,NA,NA,NA,NA,NA,NA,NA,NA,NA,1200,NA,NA,NA,NA,NA,NA,NA,NA,NA,5.7,NA,NA,NA,NA,NA,NA,NA,NA,NA,68
202449,20241207,20250220,province,ns,atlantic,49,15,2024,NA,NA,NA,NA,NA,NA,NA,NA,NA,1222,NA,NA,NA,NA,NA,NA,NA,NA,NA,8.3,NA,NA,NA,NA,NA,NA,NA,NA,NA,102
202450,20241214,20250220,province,ns,atlantic,50,16,2024,NA,NA,NA,NA,NA,NA,NA,NA,NA,1273,NA,NA,NA,NA,NA,NA,NA,NA,NA,9.3,NA,NA,NA,NA,NA,NA,NA,NA,NA,119
202451,20241221,20250220,province,ns,atlantic,51,17,2024,NA,NA,NA,NA,NA,NA,NA,NA,NA,1409,NA,NA,NA,NA,NA,NA,NA,NA,NA,10.9,NA,NA,NA,NA,NA,NA,NA,NA,NA,153
202452,20241228,20250220,province,ns,atlantic,52,18,2024,NA,NA,NA,NA,NA,NA,NA,NA,NA,1419,NA,NA,NA,NA,NA,NA,NA,NA,NA,9.9,NA,NA,NA,NA,NA,NA,NA,NA,NA,140
202501,20250104,20250220,province,ns,atlantic,1,19,2025,NA,NA,NA,NA,NA,NA,NA,NA,NA,1817,NA,NA,NA,NA,NA,NA,NA,NA,NA,9.2,NA,NA,NA,NA,NA,NA,NA,NA,NA,167
202502,20250111,20250220,province,ns,atlantic,2,20,2025,NA,NA,NA,NA,NA,NA,NA,NA,NA,1720,NA,NA,NA,NA,NA,NA,NA,NA,NA,8.6,NA,NA,NA,NA,NA,NA,NA,NA,NA,148
202503,20250118,20250220,province,ns,atlantic,3,21,2025,NA,NA,NA,NA,NA,NA,NA,NA,NA,1558,NA,NA,NA,NA,NA,NA,NA,NA,NA,6.9,NA,NA,NA,NA,NA,NA,NA,NA,NA,107
202504,20250125,20250220,province,ns,atlantic,4,22,2025,NA,NA,NA,NA,NA,NA,NA,NA,NA,1438,NA,NA,NA,NA,NA,NA,NA,NA,NA,6.1,NA,NA,NA,NA,NA,NA,NA,NA,NA,87
202505,20250201,20250220,province,ns,atlantic,5,23,2025,NA,NA,NA,NA,NA,NA,NA,NA,NA,1569,NA,NA,NA,NA,NA,NA,NA,NA,NA,7.2,NA,NA,NA,NA,NA,NA,NA,NA,NA,113
202506,20250208,20250220,province,ns,atlantic,6,24,2025,NA,NA,NA,NA,NA,NA,NA,NA,NA,1508,NA,NA,NA,NA,NA,NA,NA,NA,NA,5.5,NA,NA,NA,NA,NA,NA,NA,NA,NA,83
202507,20250215,20250220,province,ns,atlantic,7,25,2025,NA,NA,NA,NA,NA,NA,NA,NA,NA,1688,NA,NA,NA,NA,NA,NA,NA,NA,NA,5.1,NA,NA,NA,NA,NA,NA,NA,NA,NA,86
202435,20240831,20250220,province,nu,territories,35,1,2024,NA,NA,NA,NA,NA,NA,NA,NA,NA,107,NA,NA,NA,NA,NA,NA,NA,NA,NA,4.7,NA,NA,NA,NA,NA,NA,NA,NA,NA,5
202436,20240907,20250220,province,nu,territories,36,2,2024,NA,NA,NA,NA,NA,NA,NA,NA,NA,91,NA,NA,NA,NA,NA,NA,NA,NA,NA,5.5,NA,NA,NA,NA,NA,NA,NA,NA,NA,5
202437,20240914,20250220,province,nu,territories,37,3,2024,NA,NA,NA,NA,NA,NA,NA,NA,NA,97,NA,NA,NA,NA,NA,NA,NA,NA,NA,9.3,NA,NA,NA,NA,NA,NA,NA,NA,NA,9
202438,20240921,20250220,province,nu,territories,38,4,2024,NA,NA,NA,NA,NA,NA,NA,NA,NA,111,NA,NA,NA,NA,NA,NA,NA,NA,NA,9,NA,NA,NA,NA,NA,NA,NA,NA,NA,10
202439,20240928,20250220,province,nu,territories,39,5,2024,NA,NA,NA,NA,NA,NA,NA,NA,NA,126,NA,NA,NA,NA,NA,NA,NA,NA,NA,8.7,NA,NA,NA,NA,NA,NA,NA,NA,NA,11
202440,20241005,20250220,province,nu,territories,40,6,2024,NA,NA,NA,NA,NA,NA,NA,NA,NA,73,NA,NA,NA,NA,NA,NA,NA,NA,NA,5.5,NA,NA,NA,NA,NA,NA,NA,NA,NA,4
202441,20241012,20250220,province,nu,territories,41,7,2024,NA,NA,NA,NA,NA,NA,NA,NA,NA,125,NA,NA,NA,NA,NA,NA,NA,NA,NA,5.6,NA,NA,NA,NA,NA,NA,NA,NA,NA,7
202442,20241019,20250220,province,nu,territories,42,8,2024,NA,NA,NA,NA,NA,NA,NA,NA,NA,92,NA,NA,NA,NA,NA,NA,NA,NA,NA,13,NA,NA,NA,NA,NA,NA,NA,NA,NA,12
202443,20241026,20250220,province,nu,territories,43,9,2024,NA,NA,NA,NA,NA,NA,NA,NA,NA,140,NA,NA,NA,NA,NA,NA,NA,NA,NA,10.7,NA,NA,NA,NA,NA,NA,NA,NA,NA,15
202444,20241102,20250220,province,nu,territories,44,10,2024,NA,NA,NA,NA,NA,NA,NA,NA,NA,84,NA,NA,NA,NA,NA,NA,NA,NA,NA,7.1,NA,NA,NA,NA,NA,NA,NA,NA,NA,6
202445,20241109,20250220,province,nu,territories,45,11,2024,NA,NA,NA,NA,NA,NA,NA,NA,NA,100,NA,NA,NA,NA,NA,NA,NA,NA,NA,1,NA,NA,NA,NA,NA,NA,NA,NA,NA,1
202446,20241116,20250220,province,nu,territories,46,12,2024,NA,NA,NA,NA,NA,NA,NA,NA,NA,106,NA,NA,NA,NA,NA,NA,NA,NA,NA,7.5,NA,NA,NA,NA,NA,NA,NA,NA,NA,8
202447,20241123,20250220,province,nu,territories,47,13,2024,NA,NA,NA,NA,NA,NA,NA,NA,NA,122,NA,NA,NA,NA,NA,NA,NA,NA,NA,6.6,NA,NA,NA,NA,NA,NA,NA,NA,NA,8
202448,20241130,20250220,province,nu,territories,48,14,2024,NA,NA,NA,NA,NA,NA,NA,NA,NA,83,NA,NA,NA,NA,NA,NA,NA,NA,NA,1.2,NA,NA,NA,NA,NA,NA,NA,NA,NA,1
202449,20241207,20250220,province,nu,territories,49,15,2024,NA,NA,NA,NA,NA,NA,NA,NA,NA,75,NA,NA,NA,NA,NA,NA,NA,NA,NA,8,NA,NA,NA,NA,NA,NA,NA,NA,NA,6
202450,20241214,20250220,province,nu,territories,50,16,2024,NA,NA,NA,NA,NA,NA,NA,NA,NA,128,NA,NA,NA,NA,NA,NA,NA,NA,NA,14.1,NA,NA,NA,NA,NA,NA,NA,NA,NA,18
202451,20241221,20250220,province,nu,territories,51,17,2024,NA,NA,NA,NA,NA,NA,NA,NA,NA,147,NA,NA,NA,NA,NA,NA,NA,NA,NA,3.4,NA,NA,NA,NA,NA,NA,NA,NA,NA,5
202452,20241228,20250220,province,nu,territories,52,18,2024,NA,NA,NA,NA,NA,NA,NA,NA,NA,87,NA,NA,NA,NA,NA,NA,NA,NA,NA,2.3,NA,NA,NA,NA,NA,NA,NA,NA,NA,2
202501,20250104,20250220,province,nu,territories,1,19,2025,NA,NA,NA,NA,NA,NA,NA,NA,NA,100,NA,NA,NA,NA,NA,NA,NA,NA,NA,3,NA,NA,NA,NA,NA,NA,NA,NA,NA,3
202502,20250111,20250220,province,nu,territories,2,20,2025,NA,NA,NA,NA,NA,NA,NA,NA,NA,163,NA,NA,NA,NA,NA,NA,NA,NA,NA,3.7,NA,NA,NA,NA,NA,NA,NA,NA,NA,6
202503,20250118,20250220,province,nu,territories,3,21,2025,NA,NA,NA,NA,NA,NA,NA,NA,NA,148,NA,NA,NA,NA,NA,NA,NA,NA,NA,2.7,NA,NA,NA,NA,NA,NA,NA,NA,NA,4
202504,20250125,20250220,province,nu,territories,4,22,2025,NA,NA,NA,NA,NA,NA,NA,NA,NA,144,NA,NA,NA,NA,NA,NA,NA,NA,NA,1.4,NA,NA,NA,NA,NA,NA,NA,NA,NA,2
202505,20250201,20250220,province,nu,territories,5,23,2025,NA,NA,NA,NA,NA,NA,NA,NA,NA,162,NA,NA,NA,NA,NA,NA,NA,NA,NA,6.2,NA,NA,NA,NA,NA,NA,NA,NA,NA,10
202506,20250208,20250220,province,nu,territories,6,24,2025,NA,NA,NA,NA,NA,NA,NA,NA,NA,149,NA,NA,NA,NA,NA,NA,NA,NA,NA,2.7,NA,NA,NA,NA,NA,NA,NA,NA,NA,4
202507,20250215,20250220,province,nu,territories,7,25,2025,NA,NA,NA,NA,NA,NA,NA,NA,NA,157,NA,NA,NA,NA,NA,NA,NA,NA,NA,0.6,NA,NA,NA,NA,NA,NA,NA,NA,NA,1
202435,20240831,20250220,province,on,on,35,1,2024,3723,3747,5205,5205,5205,2406,3747,3723,5205,6459,0.4,6.8,0.4,0.3,0,0.3,0.2,1.5,0.2,15.4,14,254,20,18,2,8,7,57,13,995
202436,20240907,20250220,province,on,on,36,2,2024,3531,3557,4929,4929,4929,2298,3556,3532,4932,5813,0.4,6.3,0.2,0.2,0,0.4,0.3,1.9,0.3,16.4,15,225,9,9,0,9,9,68,13,956
202437,20240914,20250220,province,on,on,37,3,2024,4132,4155,5653,5653,5653,2762,4155,4132,5654,7089,0.4,10.1,0.3,0.3,0,0.4,0.1,1.3,0.4,18.3,17,420,19,19,0,10,6,52,25,1298
202438,20240921,20250220,province,on,on,38,4,2024,4149,4155,5592,5592,5592,2732,4155,4146,5593,7047,0.4,15.8,0.3,0.3,0,0.2,0.2,1.1,0.4,18.5,16,655,16,15,1,5,10,45,20,1301
202439,20240928,20250220,province,on,on,39,5,2024,4419,4422,5838,5838,5838,2845,4421,4419,5839,7281,0.3,17.5,0.2,0.2,0,0.4,0.2,1.2,0.4,15,15,774,12,10,2,12,9,52,24,1095
202440,20241005,20250220,province,on,on,40,6,2024,5255,5259,6761,6761,6761,3637,5257,5247,6767,8161,0.4,18.0,0.2,0.1,0,0.3,0.2,1.4,0.6,15.6,23,947,13,10,3,12,8,76,40,1273
202441,20241012,20250220,province,on,on,41,7,2024,5262,5265,6984,6984,6984,3655,5265,5270,6985,8624,0.6,18.6,0.1,0.1,0,0.2,0.1,1.7,0.6,14.4,30,977,8,8,0,9,6,90,41,1240
202442,20241019,20250220,province,on,on,42,8,2024,5261,5260,7261,7261,7261,3536,5260,5260,7262,8899,0.3,12.9,0.3,0.3,0,0.2,0.1,1.6,1,17.4,15,676,24,21,3,8,7,82,73,1549
202443,20241026,20250220,province,on,on,43,9,2024,5660,5660,7713,7713,7713,3958,5654,5660,7718,8918,0.6,12.4,0.4,0.4,0,0.2,0.1,1.8,1.2,18.2,33,701,32,29,3,8,8,104,90,1620
202444,20241102,20250220,province,on,on,44,10,2024,5501,5500,7614,7614,7614,3878,5495,5501,7619,8525,0.8,11.8,0.6,0.6,0,0.3,0.1,2.2,1.5,16.2,44,648,48,46,2,11,8,122,117,1377
202445,20241109,20250220,province,on,on,45,11,2024,5492,5494,7814,7814,7814,4085,5494,5492,7814,8761,1.0,12.1,0.6,0.6,0.1,0.5,0.2,1.9,2.3,15.6,57,666,50,44,6,22,9,107,180,1368
202446,20241116,20250220,province,on,on,46,12,2024,4840,4841,6933,6933,6933,3542,4839,4840,6934,7491,1.1,12.1,0.5,0.4,0.1,0.1,0.3,3.0,3.7,12.6,54,585,35,30,5,5,14,147,255,941
202447,20241123,20250220,province,on,on,47,13,2024,5467,5468,7577,7577,7577,4101,5461,5466,7583,8053,1.2,12.7,0.8,0.7,0.1,0.7,0.2,2.4,3.9,12.4,66,693,62,52,10,29,13,129,298,999
202448,20241130,20250220,province,on,on,48,14,2024,5398,5395,7431,7431,7431,3894,5390,5395,7436,7963,1.2,11.8,0.9,0.9,0.1,0.7,0.5,2.4,5.6,13.5,63,636,70,66,4,28,26,130,420,1075
202449,20241207,20250220,province,on,on,49,15,2024,5624,5622,7851,7851,7851,3913,5613,5624,7860,8325,1.4,9.0,1.6,1.6,0,1.3,0.5,1.9,6.4,13.2,77,507,129,126,3,49,28,108,500,1099
202450,20241214,20250220,province,on,on,50,16,2024,6220,6216,8480,8480,8480,4489,6214,6220,8483,9071,1.2,9.2,3,2.9,0.1,1.1,0.6,2.1,7.5,14.6,72,573,253,244,9,49,40,132,634,1324
202451,20241221,20250220,province,on,on,51,17,2024,6452,6450,8966,8966,8966,4583,6450,6451,8964,9745,1.0,7.6,6.1,6,0.2,1.4,0.5,2.0,8.5,13.6,62,491,550,534,16,65,34,129,762,1328
202452,20241228,20250220,province,on,on,52,18,2024,5980,5927,8200,8200,8200,4051,5927,5980,8202,8744,1.1,7.1,9.4,9.2,0.2,2.0,0.8,2.1,8.4,14.4,65,419,768,752,16,82,49,123,685,1257
202501,20250104,20250220,province,on,on,1,19,2025,8052,8052,11443,11443,11443,5780,8052,8051,11443,11846,0.8,6.3,11,10.8,0.2,2.8,0.9,1.6,7.6,14.5,64,509,1254,1233,21,163,70,131,870,1718
202502,20250111,20250220,province,on,on,2,20,2025,8181,8175,11647,11647,11647,5985,8176,8179,11643,12293,0.8,4.8,11.4,11.1,0.2,3.4,0.9,1.3,6.8,13.4,64,390,1322,1297,25,203,73,109,786,1650
202503,20250118,20250220,province,on,on,3,21,2025,7292,7286,10314,10314,10314,5271,7282,7286,10313,10696,0.7,4.2,13.9,13.6,0.3,3.4,0.8,1.0,5.9,11,50,308,1437,1402,35,180,61,74,613,1172
202504,20250125,20250220,province,on,on,4,22,2025,7042,7045,9997,9997,9997,5065,7045,7043,9993,10294,0.7,3.7,16.1,15.6,0.6,4.7,1.1,0.7,5.4,9.7,46,263,1614,1558,56,237,77,51,544,1001
202505,20250201,20250220,province,on,on,5,23,2025,7629,7628,10987,10987,10987,7057,7628,7629,10989,11307,0.7,4.1,18.5,18,0.5,5.8,1.3,0.9,4.1,8,50,312,2032,1976,56,411,96,69,450,903
202506,20250208,20250220,province,on,on,6,24,2025,7061,7058,10454,10454,10454,7058,7058,7061,10445,10753,0.7,4.4,19.6,19,0.7,6.8,0.8,0.8,3.3,6.9,50,310,2052,1982,70,483,56,56,341,738
202507,20250215,20250220,province,on,on,7,25,2025,7083,7082,10265,10265,10265,7058,7082,7083,10266,10438,0.6,3.6,19.7,19,0.7,6.5,1.0,0.6,2.8,6.6,46,255,2026,1952,74,462,74,40,287,687
202435,20240831,20250220,region,prairies,prairies,35,1,2024,1214,1208,2125,2125,2125,1254,1193,1214,1946,5508,1.6,14.3,1.9,1.8,0,0.2,0.2,1.2,0.2,11.9,20,173,40,39,1,3,2,14,4,657
202436,20240907,20250220,region,prairies,prairies,36,2,2024,1296,1287,2263,2263,2263,1317,1264,1298,2071,5738,0.9,14.4,0.6,0.5,0.1,0.3,0.0,1.3,0.1,13.5,12,185,13,11,2,4,0,17,2,776
202437,20240914,20250220,region,prairies,prairies,37,3,2024,1366,1346,2449,2449,2449,1388,1299,1368,2206,6180,0.8,16.4,0.8,0.7,0.2,0.4,0.5,0.9,0.3,12.8,11,221,20,16,4,5,7,12,7,788
202438,20240921,20250220,region,prairies,prairies,38,4,2024,1498,1485,2456,2456,2456,1522,1435,1498,2232,6799,1.1,21.3,0.6,0.4,0.2,0.3,0.1,0.7,0.1,13.9,17,317,15,10,5,5,1,11,3,944
202439,20240928,20250220,region,prairies,prairies,39,5,2024,1625,1611,2688,2688,2688,1668,1665,1625,2519,8196,0.8,21.9,0.4,0.4,0,0.3,0.1,0.9,0.5,14.1,13,353,10,10,0,5,1,15,12,1155
202440,20241005,20250220,region,prairies,prairies,40,6,2024,1735,1715,3665,3665,3665,1773,1769,1736,3441,8456,1.0,19.8,0.7,0.7,0,0.2,0.0,1.0,0.1,14.3,18,340,24,24,0,4,0,17,4,1208
202441,20241012,20250220,region,prairies,prairies,41,7,2024,1659,1638,4381,4381,4381,1700,1696,1659,4084,8725,0.8,16.6,0.6,0.5,0.1,0.2,0.0,1.4,0.5,15.9,14,272,26,23,3,4,0,23,21,1383
202442,20241019,20250220,region,prairies,prairies,42,8,2024,1761,1753,4541,4541,4541,1758,1758,1761,4265,8770,0.7,13.6,0.8,0.7,0.1,0.1,0.1,1.3,0.5,15,13,239,38,34,4,1,2,23,21,1313
202443,20241026,20250220,region,prairies,prairies,43,9,2024,1818,1796,5233,5233,5233,1844,1843,1818,4928,9341,0.9,13.2,1,0.9,0.1,0.3,0.2,1.4,0.6,14.9,17,237,54,49,5,5,3,25,32,1388
202444,20241102,20250220,region,prairies,prairies,44,10,2024,1771,1745,5347,5347,5347,1785,1785,1771,5020,9490,1.1,13.2,1.1,1,0.1,0.3,0.1,1.2,0.9,13.9,19,231,57,53,4,6,1,21,45,1316
202445,20241109,20250220,region,prairies,prairies,45,11,2024,1681,1658,5687,5687,5687,1682,1678,1682,5383,9272,0.6,12.0,1.7,1.5,0.2,0.4,0.1,1.5,1.7,13.1,10,199,94,84,10,6,2,26,93,1213
202446,20241116,20250220,region,prairies,prairies,46,12,2024,1796,1788,5948,5948,5948,1797,1790,1797,5638,9337,1.3,13.0,1.6,1.5,0.2,0.4,0.1,2.0,3.2,11.9,24,233,97,87,10,8,1,36,183,1112
202447,20241123,20250220,region,prairies,prairies,47,13,2024,1783,1771,5917,5917,5917,1783,1772,1783,5572,8842,1.2,11.2,2.3,2.1,0.2,0.8,0.5,2.1,5.3,11.3,22,199,136,126,10,14,9,37,297,995
202448,20241130,20250220,region,prairies,prairies,48,14,2024,2001,1980,6085,6085,6085,2001,1995,2001,5758,8811,0.8,12.1,3.5,3.3,0.2,1.4,0.6,1.7,7,9.5,17,240,212,201,11,28,11,34,404,836
202449,20241207,20250220,region,prairies,prairies,49,15,2024,2036,2020,6514,6514,6514,2036,2023,2036,6158,9152,1.2,10.4,6.2,6.1,0.1,1.3,0.5,2.6,8.4,9.1,24,211,406,399,7,27,10,52,515,835
202450,20241214,20250220,region,prairies,prairies,50,16,2024,2079,2068,6820,6820,6820,2081,2066,2081,6469,9220,1.2,8.8,7.7,7.6,0.1,2.2,0.7,2.5,10.7,8.4,24,181,523,519,4,45,15,51,695,770
202451,20241221,20250220,region,prairies,prairies,51,17,2024,2161,2133,7235,7235,7235,2162,2138,2162,6817,9669,0.8,7.8,11.1,10.9,0.3,3.2,0.8,1.9,12.4,8.3,17,167,805,786,19,70,17,42,846,804
202452,20241228,20250220,region,prairies,prairies,52,18,2024,2205,2186,7719,7719,7719,2205,2182,2205,7414,10273,1.0,7.1,14.4,13.9,0.5,3.6,1.1,1.7,14.5,6.5,23,155,1109,1070,39,79,23,38,1078,671
202501,20250104,20250220,region,prairies,prairies,1,19,2025,2427,2419,8322,8322,8322,2428,2389,2428,7903,10782,0.7,4.3,13.5,13.1,0.4,4.8,0.9,2.3,13.7,6,16,103,1122,1088,34,117,22,55,1081,652
202502,20250111,20250220,region,prairies,prairies,2,20,2025,2501,2488,8672,8672,8672,2501,2448,2501,8140,10991,0.4,4.5,13,12.7,0.3,4.0,1.4,2.2,11.9,4.9,10,112,1129,1104,25,101,35,54,971,544
202503,20250118,20250220,region,prairies,prairies,3,21,2025,2267,2261,7942,7942,7942,2269,2242,2269,7484,10087,0.7,4.7,11.8,11.3,0.5,4.9,1.5,1.8,11.8,4.3,16,106,935,896,39,111,34,41,884,434
202504,20250125,20250220,region,prairies,prairies,4,22,2025,2224,2218,7661,7661,7661,2224,2197,2224,7288,9673,0.7,5.6,14,13.3,0.6,5.8,1.5,1.8,10.5,3.2,15,124,1070,1022,48,128,33,39,768,308
202505,20250201,20250220,region,prairies,prairies,5,23,2025,2225,2221,8069,8069,8069,2225,2183,2225,7690,9768,0.7,5.5,15.1,14.4,0.7,6.4,2.0,1.5,8.5,2.3,15,123,1221,1164,57,142,44,34,656,228
202506,20250208,20250220,region,prairies,prairies,6,24,2025,2232,2226,7833,7833,7833,2232,2186,2232,7451,9573,0.5,6.0,17.1,16.1,1,7.4,1.7,1.3,6.8,2.1,11,134,1340,1261,79,166,37,29,504,202
202507,20250215,20250220,region,prairies,prairies,7,25,2025,1945,1945,7433,7433,7433,1945,1899,1945,7074,9516,1.4,7.4,19,17.9,1.1,9.6,1.3,1.5,5.6,1.8,27,144,1412,1331,81,186,24,29,399,167
202435,20240831,20250220,province,pe,atlantic,35,1,2024,NA,NA,NA,NA,NA,NA,NA,NA,NA,139,NA,NA,NA,NA,NA,NA,NA,NA,NA,15.8,NA,NA,NA,NA,NA,NA,NA,NA,NA,22
202436,20240907,20250220,province,pe,atlantic,36,2,2024,NA,NA,NA,NA,NA,NA,NA,NA,NA,123,NA,NA,NA,NA,NA,NA,NA,NA,NA,20.3,NA,NA,NA,NA,NA,NA,NA,NA,NA,25
202437,20240914,20250220,province,pe,atlantic,37,3,2024,NA,NA,NA,NA,NA,NA,NA,NA,NA,130,NA,NA,NA,NA,NA,NA,NA,NA,NA,12.3,NA,NA,NA,NA,NA,NA,NA,NA,NA,16
202438,20240921,20250220,province,pe,atlantic,38,4,2024,NA,NA,NA,NA,NA,NA,NA,NA,NA,136,NA,NA,NA,NA,NA,NA,NA,NA,NA,11,NA,NA,NA,NA,NA,NA,NA,NA,NA,15
202439,20240928,20250220,province,pe,atlantic,39,5,2024,NA,NA,NA,NA,NA,NA,NA,NA,NA,161,NA,NA,NA,NA,NA,NA,NA,NA,NA,17.4,NA,NA,NA,NA,NA,NA,NA,NA,NA,28
202440,20241005,20250220,province,pe,atlantic,40,6,2024,NA,NA,NA,NA,NA,NA,NA,NA,NA,196,NA,NA,NA,NA,NA,NA,NA,NA,NA,11.2,NA,NA,NA,NA,NA,NA,NA,NA,NA,22
202441,20241012,20250220,province,pe,atlantic,41,7,2024,NA,NA,NA,NA,NA,NA,NA,NA,NA,172,NA,NA,NA,NA,NA,NA,NA,NA,NA,14,NA,NA,NA,NA,NA,NA,NA,NA,NA,24
202442,20241019,20250220,province,pe,atlantic,42,8,2024,NA,NA,NA,NA,NA,NA,NA,NA,NA,208,NA,NA,NA,NA,NA,NA,NA,NA,NA,23.6,NA,NA,NA,NA,NA,NA,NA,NA,NA,49
202443,20241026,20250220,province,pe,atlantic,43,9,2024,NA,NA,NA,NA,NA,NA,NA,NA,NA,259,NA,NA,NA,NA,NA,NA,NA,NA,NA,15.4,NA,NA,NA,NA,NA,NA,NA,NA,NA,40
202444,20241102,20250220,province,pe,atlantic,44,10,2024,NA,NA,NA,NA,NA,NA,NA,NA,NA,168,NA,NA,NA,NA,NA,NA,NA,NA,NA,9.5,NA,NA,NA,NA,NA,NA,NA,NA,NA,16
202445,20241109,20250220,province,pe,atlantic,45,11,2024,NA,NA,NA,NA,NA,NA,NA,NA,NA,142,NA,NA,NA,NA,NA,NA,NA,NA,NA,10.6,NA,NA,NA,NA,NA,NA,NA,NA,NA,15
202446,20241116,20250220,province,pe,atlantic,46,12,2024,NA,NA,NA,NA,NA,NA,NA,NA,NA,163,NA,NA,NA,NA,NA,NA,NA,NA,NA,11,NA,NA,NA,NA,NA,NA,NA,NA,NA,18
202447,20241123,20250220,province,pe,atlantic,47,13,2024,NA,NA,NA,NA,NA,NA,NA,NA,NA,107,NA,NA,NA,NA,NA,NA,NA,NA,NA,6.5,NA,NA,NA,NA,NA,NA,NA,NA,NA,7
202448,20241130,20250220,province,pe,atlantic,48,14,2024,NA,NA,NA,NA,NA,NA,NA,NA,NA,146,NA,NA,NA,NA,NA,NA,NA,NA,NA,5.5,NA,NA,NA,NA,NA,NA,NA,NA,NA,8
202449,20241207,20250220,province,pe,atlantic,49,15,2024,NA,NA,NA,NA,NA,NA,NA,NA,NA,127,NA,NA,NA,NA,NA,NA,NA,NA,NA,6.3,NA,NA,NA,NA,NA,NA,NA,NA,NA,8
202450,20241214,20250220,province,pe,atlantic,50,16,2024,NA,NA,NA,NA,NA,NA,NA,NA,NA,136,NA,NA,NA,NA,NA,NA,NA,NA,NA,1.5,NA,NA,NA,NA,NA,NA,NA,NA,NA,2
202451,20241221,20250220,province,pe,atlantic,51,17,2024,NA,NA,NA,NA,NA,NA,NA,NA,NA,152,NA,NA,NA,NA,NA,NA,NA,NA,NA,2,NA,NA,NA,NA,NA,NA,NA,NA,NA,3
202452,20241228,20250220,province,pe,atlantic,52,18,2024,NA,NA,NA,NA,NA,NA,NA,NA,NA,156,NA,NA,NA,NA,NA,NA,NA,NA,NA,3.2,NA,NA,NA,NA,NA,NA,NA,NA,NA,5
202501,20250104,20250220,province,pe,atlantic,1,19,2025,NA,NA,NA,NA,NA,NA,NA,NA,NA,218,NA,NA,NA,NA,NA,NA,NA,NA,NA,5.5,NA,NA,NA,NA,NA,NA,NA,NA,NA,12
202502,20250111,20250220,province,pe,atlantic,2,20,2025,NA,NA,NA,NA,NA,NA,NA,NA,NA,232,NA,NA,NA,NA,NA,NA,NA,NA,NA,3.9,NA,NA,NA,NA,NA,NA,NA,NA,NA,9
202503,20250118,20250220,province,pe,atlantic,3,21,2025,NA,NA,NA,NA,NA,NA,NA,NA,NA,195,NA,NA,NA,NA,NA,NA,NA,NA,NA,5.1,NA,NA,NA,NA,NA,NA,NA,NA,NA,10
202504,20250125,20250220,province,pe,atlantic,4,22,2025,NA,NA,NA,NA,NA,NA,NA,NA,NA,207,NA,NA,NA,NA,NA,NA,NA,NA,NA,3.9,NA,NA,NA,NA,NA,NA,NA,NA,NA,8
202505,20250201,20250220,province,pe,atlantic,5,23,2025,NA,NA,NA,NA,NA,NA,NA,NA,NA,247,NA,NA,NA,NA,NA,NA,NA,NA,NA,4.5,NA,NA,NA,NA,NA,NA,NA,NA,NA,11
202506,20250208,20250220,province,pe,atlantic,6,24,2025,NA,NA,NA,NA,NA,NA,NA,NA,NA,288,NA,NA,NA,NA,NA,NA,NA,NA,NA,5.6,NA,NA,NA,NA,NA,NA,NA,NA,NA,16
202507,20250215,20250220,province,pe,atlantic,7,25,2025,NA,NA,NA,NA,NA,NA,NA,NA,NA,326,NA,NA,NA,NA,NA,NA,NA,NA,NA,6.7,NA,NA,NA,NA,NA,NA,NA,NA,NA,22
202435,20240831,20250220,province,qc,qc,35,1,2024,1473,1523,6044,6044,6044,1400,1448,1456,5098,9440,1.4,12.1,0.1,0.1,0,1.1,0.8,1.8,1.1,22.7,21,184,9,7,2,16,11,26,57,2147
202436,20240907,20250220,province,qc,qc,36,2,2024,1429,1469,6078,6078,6078,1340,1402,1412,5030,9733,1.5,12.8,0.4,0.3,0.1,1.6,0.2,1.6,1.2,22.4,22,188,22,18,4,21,3,23,60,2180
202437,20240914,20250220,province,qc,qc,37,3,2024,1601,1650,6977,6977,6977,1534,1579,1587,5761,11088,1.1,15.2,0.2,0.1,0,1.5,0.1,1.4,1.3,22.5,17,250,11,8,3,23,1,23,75,2496
202438,20240921,20250220,province,qc,qc,38,4,2024,1600,1644,7152,7152,7152,1532,1581,1584,6048,11802,1.2,19.4,0.3,0.2,0.1,2.0,0.3,1.8,1.3,23.1,20,319,19,15,4,30,4,28,76,2724
202439,20240928,20250220,province,qc,qc,39,5,2024,1723,1771,7310,7310,7310,1652,1712,1714,6297,11332,2.8,20.9,0.2,0.1,0.1,1.3,0.0,1.3,2,20.4,48,371,15,10,5,21,0,22,123,2307
202440,20241005,20250220,province,qc,qc,40,6,2024,1632,1676,7083,7083,7083,1563,1616,1622,6060,10840,2.1,20.0,0.3,0.2,0.1,2.0,0.2,1.7,1.9,17.9,35,335,23,15,8,31,3,28,117,1936
202441,20241012,20250220,province,qc,qc,41,7,2024,1695,1743,7074,7074,7074,1601,1679,1676,6174,10199,2.6,19.9,0.3,0.2,0.1,1.1,0.2,1.7,2.6,14.7,44,346,19,15,4,18,4,28,161,1499
202442,20241019,20250220,province,qc,qc,42,8,2024,1735,1787,7156,7156,7156,1617,1718,1710,6341,9958,3.1,17.4,0.3,0.2,0.1,1.3,0.3,1.6,2.9,15.8,53,311,21,16,5,21,6,27,182,1573
202443,20241026,20250220,province,qc,qc,43,9,2024,1813,1850,7404,7404,7404,1680,1797,1794,6545,9963,3.3,16.3,0.3,0.1,0.1,1.1,0.2,2.6,3.3,14.6,60,301,19,11,8,18,4,46,218,1452
202444,20241102,20250220,province,qc,qc,44,10,2024,1682,1729,7384,7384,7384,1563,1672,1670,6456,9295,2.9,14.7,0.7,0.5,0.2,1.0,0.6,2.3,4.3,13.2,48,254,50,38,12,15,10,38,278,1227
202445,20241109,20250220,province,qc,qc,45,11,2024,1820,1871,7440,7440,7440,1692,1806,1805,6560,9059,3.6,15.4,0.6,0.4,0.2,1.6,0.6,1.8,5.3,11.8,66,288,41,28,13,27,11,33,347,1069
202446,20241116,20250220,province,qc,qc,46,12,2024,1774,1824,7881,7881,7881,1650,1774,1758,6664,8856,4.7,17.0,0.7,0.6,0.1,1.8,0.7,1.4,6.8,11.1,84,310,55,49,6,30,13,25,452,987
202447,20241123,20250220,province,qc,qc,47,13,2024,1883,1920,8642,8642,8642,1739,1879,1867,7202,8916,4.9,14.8,0.7,0.6,0.2,1.5,0.3,1.2,9.2,10.3,92,284,62,49,13,26,6,22,663,915
202448,20241130,20250220,province,qc,qc,48,14,2024,1808,1846,8750,8750,8750,1688,1801,1799,7206,8781,4.5,16.3,1.4,1.2,0.2,1.7,0.4,2.0,10.2,9.8,81,301,123,102,21,29,7,36,735,857
202449,20241207,20250220,province,qc,qc,49,15,2024,1706,1757,8844,8844,8844,1585,1704,1691,7152,8812,3.5,13.8,1.5,1.2,0.3,1.8,0.5,1.5,11.8,8.6,60,243,136,109,27,29,8,25,846,761
202450,20241214,20250220,province,qc,qc,50,16,2024,1647,1698,9407,9407,9407,1517,1634,1637,7499,9089,3.7,12.8,2.6,2.2,0.3,3.0,0.5,1.3,12.7,10.3,61,217,241,210,31,46,8,22,949,940
202451,20241221,20250220,province,qc,qc,51,17,2024,1794,1831,10141,10141,10141,1667,1774,1769,8240,9594,4.0,13.7,4.4,4,0.4,2.8,1.0,1.8,13.6,9.9,72,250,448,408,40,47,17,31,1118,951
202452,20241228,20250220,province,qc,qc,52,18,2024,1519,1576,10141,10141,10141,1404,1518,1511,8022,9133,3.2,10.8,8.3,7.5,0.7,4.0,1.5,1.5,13.2,9.1,48,170,839,764,75,56,23,23,1056,832
202501,20250104,20250220,province,qc,qc,1,19,2025,1656,1703,12303,12303,12303,1510,1649,1643,9655,11294,3.3,9.0,10.8,10.1,0.6,3.6,1.5,1.1,12.2,9.6,54,154,1327,1248,79,54,24,18,1181,1085
202502,20250111,20250220,province,qc,qc,2,20,2025,1660,1709,12437,12437,12437,1511,1646,1636,9872,11530,2.9,7.7,11.1,10.4,0.7,2.6,1.6,1.0,9.6,8.9,48,132,1384,1296,88,39,26,17,948,1027
202503,20250118,20250220,province,qc,qc,3,21,2025,1651,1704,11525,11525,11525,1499,1647,1640,9182,10371,2.4,7.2,15.4,14.4,1,3.3,1.2,0.9,8.1,6.7,40,123,1773,1657,116,50,20,14,745,700
202504,20250125,20250220,province,qc,qc,4,22,2025,1651,1684,11463,11463,11463,1580,1645,1638,9179,10071,2.3,7.5,19.2,17.9,1.3,4.4,1.5,0.8,6.8,6.6,38,126,2203,2057,146,69,25,13,628,667
202505,20250201,20250220,province,qc,qc,5,23,2025,1652,1689,12881,12881,12881,1627,1640,1640,9903,11147,3.0,6.1,26.5,24.6,1.9,5.2,1.8,1.2,5.6,6.1,50,103,3415,3165,250,84,29,19,554,683
202506,20250208,20250220,province,qc,qc,6,24,2025,1714,1755,14550,14550,14550,1686,1695,1694,11219,12484,2.5,6.0,32.1,29.7,2.4,6.3,1.9,0.5,4.4,5.3,42,106,4671,4324,347,107,33,9,491,664
202507,20250215,20250220,province,qc,qc,7,25,2025,1586,1638,14933,14933,14933,1560,1590,1574,11400,13113,1.9,6.4,34.2,31.2,3,6.7,1.4,0.6,3.1,4.5,30,105,5100,4659,441,104,22,9,356,586
202435,20240831,20250220,province,sk,prairies,35,1,2024,NA,NA,NA,NA,NA,NA,NA,NA,NA,1272,NA,NA,NA,NA,NA,NA,NA,NA,NA,11.7,NA,NA,NA,NA,NA,NA,NA,NA,NA,149
202436,20240907,20250220,province,sk,prairies,36,2,2024,NA,NA,NA,NA,NA,NA,NA,NA,NA,1312,NA,NA,NA,NA,NA,NA,NA,NA,NA,12.8,NA,NA,NA,NA,NA,NA,NA,NA,NA,168
202437,20240914,20250220,province,sk,prairies,37,3,2024,NA,NA,NA,NA,NA,NA,NA,NA,NA,1491,NA,NA,NA,NA,NA,NA,NA,NA,NA,12.7,NA,NA,NA,NA,NA,NA,NA,NA,NA,190
202438,20240921,20250220,province,sk,prairies,38,4,2024,NA,NA,NA,NA,NA,NA,NA,NA,NA,1624,NA,NA,NA,NA,NA,NA,NA,NA,NA,15.3,NA,NA,NA,NA,NA,NA,NA,NA,NA,248
202439,20240928,20250220,province,sk,prairies,39,5,2024,NA,NA,NA,NA,NA,NA,NA,NA,NA,1620,NA,NA,NA,NA,NA,NA,NA,NA,NA,16.3,NA,NA,NA,NA,NA,NA,NA,NA,NA,264
202440,20241005,20250220,province,sk,prairies,40,6,2024,NA,NA,NA,NA,NA,NA,NA,NA,NA,1894,NA,NA,NA,NA,NA,NA,NA,NA,NA,16.3,NA,NA,NA,NA,NA,NA,NA,NA,NA,309
202441,20241012,20250220,province,sk,prairies,41,7,2024,NA,NA,NA,NA,NA,NA,NA,NA,NA,1913,NA,NA,NA,NA,NA,NA,NA,NA,NA,18.8,NA,NA,NA,NA,NA,NA,NA,NA,NA,359
202442,20241019,20250220,province,sk,prairies,42,8,2024,NA,NA,NA,NA,NA,NA,NA,NA,NA,1921,NA,NA,NA,NA,NA,NA,NA,NA,NA,16.2,NA,NA,NA,NA,NA,NA,NA,NA,NA,312
202443,20241026,20250220,province,sk,prairies,43,9,2024,NA,NA,NA,NA,NA,NA,NA,NA,NA,1977,NA,NA,NA,NA,NA,NA,NA,NA,NA,18.5,NA,NA,NA,NA,NA,NA,NA,NA,NA,366
202444,20241102,20250220,province,sk,prairies,44,10,2024,NA,NA,NA,NA,NA,NA,NA,NA,NA,1868,NA,NA,NA,NA,NA,NA,NA,NA,NA,15.3,NA,NA,NA,NA,NA,NA,NA,NA,NA,286
202445,20241109,20250220,province,sk,prairies,45,11,2024,NA,NA,NA,NA,NA,NA,NA,NA,NA,1854,NA,NA,NA,NA,NA,NA,NA,NA,NA,14.6,NA,NA,NA,NA,NA,NA,NA,NA,NA,271
202446,20241116,20250220,province,sk,prairies,46,12,2024,NA,NA,NA,NA,NA,NA,NA,NA,NA,1841,NA,NA,NA,NA,NA,NA,NA,NA,NA,11,NA,NA,NA,NA,NA,NA,NA,NA,NA,202
202447,20241123,20250220,province,sk,prairies,47,13,2024,NA,NA,NA,NA,NA,NA,NA,NA,NA,1684,NA,NA,NA,NA,NA,NA,NA,NA,NA,9.2,NA,NA,NA,NA,NA,NA,NA,NA,NA,155
202448,20241130,20250220,province,sk,prairies,48,14,2024,NA,NA,NA,NA,NA,NA,NA,NA,NA,1638,NA,NA,NA,NA,NA,NA,NA,NA,NA,7.2,NA,NA,NA,NA,NA,NA,NA,NA,NA,118
202449,20241207,20250220,province,sk,prairies,49,15,2024,NA,NA,NA,NA,NA,NA,NA,NA,NA,1780,NA,NA,NA,NA,NA,NA,NA,NA,NA,7.4,NA,NA,NA,NA,NA,NA,NA,NA,NA,132
202450,20241214,20250220,province,sk,prairies,50,16,2024,NA,NA,NA,NA,NA,NA,NA,NA,NA,1707,NA,NA,NA,NA,NA,NA,NA,NA,NA,6.9,NA,NA,NA,NA,NA,NA,NA,NA,NA,117
202451,20241221,20250220,province,sk,prairies,51,17,2024,NA,NA,NA,NA,NA,NA,NA,NA,NA,1739,NA,NA,NA,NA,NA,NA,NA,NA,NA,7.5,NA,NA,NA,NA,NA,NA,NA,NA,NA,131
202452,20241228,20250220,province,sk,prairies,52,18,2024,NA,NA,NA,NA,NA,NA,NA,NA,NA,2041,NA,NA,NA,NA,NA,NA,NA,NA,NA,6.2,NA,NA,NA,NA,NA,NA,NA,NA,NA,127
202501,20250104,20250220,province,sk,prairies,1,19,2025,NA,NA,NA,NA,NA,NA,NA,NA,NA,2228,NA,NA,NA,NA,NA,NA,NA,NA,NA,6,NA,NA,NA,NA,NA,NA,NA,NA,NA,133
202502,20250111,20250220,province,sk,prairies,2,20,2025,NA,NA,NA,NA,NA,NA,NA,NA,NA,2310,NA,NA,NA,NA,NA,NA,NA,NA,NA,4.9,NA,NA,NA,NA,NA,NA,NA,NA,NA,114
202503,20250118,20250220,province,sk,prairies,3,21,2025,NA,NA,NA,NA,NA,NA,NA,NA,NA,2064,NA,NA,NA,NA,NA,NA,NA,NA,NA,2.8,NA,NA,NA,NA,NA,NA,NA,NA,NA,57
202504,20250125,20250220,province,sk,prairies,4,22,2025,NA,NA,NA,NA,NA,NA,NA,NA,NA,2213,NA,NA,NA,NA,NA,NA,NA,NA,NA,2.8,NA,NA,NA,NA,NA,NA,NA,NA,NA,63
202505,20250201,20250220,province,sk,prairies,5,23,2025,NA,NA,NA,NA,NA,NA,NA,NA,NA,2299,NA,NA,NA,NA,NA,NA,NA,NA,NA,2.2,NA,NA,NA,NA,NA,NA,NA,NA,NA,51
202506,20250208,20250220,province,sk,prairies,6,24,2025,NA,NA,NA,NA,NA,NA,NA,NA,NA,2246,NA,NA,NA,NA,NA,NA,NA,NA,NA,1.7,NA,NA,NA,NA,NA,NA,NA,NA,NA,38
202507,20250215,20250220,province,sk,prairies,7,25,2025,NA,NA,NA,NA,NA,NA,NA,NA,NA,2147,NA,NA,NA,NA,NA,NA,NA,NA,NA,1.7,NA,NA,NA,NA,NA,NA,NA,NA,NA,37
202435,20240831,20250220,region,territories,territories,35,1,2024,N/A,N/A,132,132,132,N/A,N/A,N/A,132,179,N/A,N/A,0,0,0,N/A,N/A,N/A,0,12.8,N/A,N/A,0,0,0,N/A,N/A,N/A,0,23
202436,20240907,20250220,region,territories,territories,36,2,2024,N/A,N/A,146,146,146,N/A,N/A,N/A,146,166,N/A,N/A,0.7,0.7,0,N/A,N/A,N/A,0,12.7,N/A,N/A,1,1,0,N/A,N/A,N/A,0,21
202437,20240914,20250220,region,territories,territories,37,3,2024,N/A,N/A,145,145,145,N/A,N/A,N/A,144,190,N/A,N/A,1.4,0.7,0.7,N/A,N/A,N/A,0.7,15.3,N/A,N/A,2,1,1,N/A,N/A,N/A,1,29
202438,20240921,20250220,region,territories,territories,38,4,2024,N/A,N/A,170,170,170,N/A,N/A,N/A,170,208,N/A,N/A,0.6,0.6,0,N/A,N/A,N/A,0,10.6,N/A,N/A,1,1,0,N/A,N/A,N/A,0,22
202439,20240928,20250220,region,territories,territories,39,5,2024,N/A,N/A,173,173,173,N/A,N/A,N/A,173,211,N/A,N/A,0.6,0.6,0,N/A,N/A,N/A,0,7.6,N/A,N/A,1,1,0,N/A,N/A,N/A,0,16
202440,20241005,20250220,region,territories,territories,40,6,2024,N/A,N/A,109,109,109,N/A,N/A,N/A,109,145,N/A,N/A,0,0,0,N/A,N/A,N/A,0,4.8,N/A,N/A,0,0,0,N/A,N/A,N/A,0,7
202441,20241012,20250220,region,territories,territories,41,7,2024,N/A,N/A,187,187,187,N/A,N/A,N/A,187,230,N/A,N/A,1.6,1.6,0,N/A,N/A,N/A,0,6.1,N/A,N/A,3,3,0,N/A,N/A,N/A,0,14
202442,20241019,20250220,region,territories,territories,42,8,2024,N/A,N/A,133,133,133,N/A,N/A,N/A,133,179,N/A,N/A,0.8,0.8,0,N/A,N/A,N/A,0,12.3,N/A,N/A,1,1,0,N/A,N/A,N/A,0,22
202443,20241026,20250220,region,territories,territories,43,9,2024,N/A,N/A,163,163,163,N/A,N/A,N/A,163,229,N/A,N/A,0.6,0.6,0,N/A,N/A,N/A,0,8.7,N/A,N/A,1,1,0,N/A,N/A,N/A,0,20
202444,20241102,20250220,region,territories,territories,44,10,2024,N/A,N/A,108,108,108,N/A,N/A,N/A,108,145,N/A,N/A,0,0,0,N/A,N/A,N/A,0.9,7.6,N/A,N/A,0,0,0,N/A,N/A,N/A,1,11
202445,20241109,20250220,region,territories,territories,45,11,2024,N/A,N/A,139,139,139,N/A,N/A,N/A,139,175,N/A,N/A,0.7,0.7,0,N/A,N/A,N/A,1.4,4.6,N/A,N/A,1,1,0,N/A,N/A,N/A,2,8
202446,20241116,20250220,region,territories,territories,46,12,2024,N/A,N/A,155,155,155,N/A,N/A,N/A,155,188,N/A,N/A,1.3,1.3,0,N/A,N/A,N/A,0.6,5.9,N/A,N/A,2,2,0,N/A,N/A,N/A,1,11
202447,20241123,20250220,region,territories,territories,47,13,2024,N/A,N/A,171,171,171,N/A,N/A,N/A,171,203,N/A,N/A,1.2,1.2,0,N/A,N/A,N/A,0,6.9,N/A,N/A,2,2,0,N/A,N/A,N/A,0,14
202448,20241130,20250220,region,territories,territories,48,14,2024,N/A,N/A,112,112,112,N/A,N/A,N/A,112,133,N/A,N/A,0.9,0.9,0,N/A,N/A,N/A,0,3,N/A,N/A,1,1,0,N/A,N/A,N/A,0,4
202449,20241207,20250220,region,territories,territories,49,15,2024,N/A,N/A,116,116,116,N/A,N/A,N/A,116,144,N/A,N/A,0,0,0,N/A,N/A,N/A,2.6,8.3,N/A,N/A,0,0,0,N/A,N/A,N/A,3,12
202450,20241214,20250220,region,territories,territories,50,16,2024,N/A,N/A,153,153,153,N/A,N/A,N/A,153,194,N/A,N/A,2,2,0,N/A,N/A,N/A,1.3,12.4,N/A,N/A,3,3,0,N/A,N/A,N/A,2,24
202451,20241221,20250220,region,territories,territories,51,17,2024,N/A,N/A,191,191,191,N/A,N/A,N/A,191,221,N/A,N/A,4.2,3.1,1,N/A,N/A,N/A,3.7,2.7,N/A,N/A,8,6,2,N/A,N/A,N/A,7,6
202452,20241228,20250220,region,territories,territories,52,18,2024,N/A,N/A,117,117,117,N/A,N/A,N/A,118,149,N/A,N/A,10.3,10.3,0,N/A,N/A,N/A,5.9,1.3,N/A,N/A,12,12,0,N/A,N/A,N/A,7,2
202501,20250104,20250220,region,territories,territories,1,19,2025,N/A,N/A,147,147,147,N/A,N/A,N/A,147,178,N/A,N/A,21.8,21.8,0,N/A,N/A,N/A,10.2,3.9,N/A,N/A,32,32,0,N/A,N/A,N/A,15,7
202502,20250111,20250220,region,territories,territories,2,20,2025,N/A,N/A,213,213,213,N/A,N/A,N/A,213,240,N/A,N/A,23.5,23,0.5,N/A,N/A,N/A,4.7,3.8,N/A,N/A,50,49,1,N/A,N/A,N/A,10,9
202503,20250118,20250220,region,territories,territories,3,21,2025,N/A,N/A,200,200,200,N/A,N/A,N/A,200,227,N/A,N/A,14.5,11.5,3,N/A,N/A,N/A,2.5,3.1,N/A,N/A,29,23,6,N/A,N/A,N/A,5,7
202504,20250125,20250220,region,territories,territories,4,22,2025,N/A,N/A,252,252,252,N/A,N/A,N/A,252,287,N/A,N/A,27.8,26.6,1.2,N/A,N/A,N/A,5.6,2.1,N/A,N/A,70,67,3,N/A,N/A,N/A,14,6
202505,20250201,20250220,region,territories,territories,5,23,2025,N/A,N/A,268,268,268,N/A,N/A,N/A,268,286,N/A,N/A,25,23.1,1.9,N/A,N/A,N/A,6.7,4.2,N/A,N/A,67,62,5,N/A,N/A,N/A,18,12
202506,20250208,20250220,region,territories,territories,6,24,2025,N/A,N/A,248,248,248,N/A,N/A,N/A,248,262,N/A,N/A,30.6,30.2,0.4,N/A,N/A,N/A,8.1,1.5,N/A,N/A,76,75,1,N/A,N/A,N/A,20,4
202507,20250215,20250220,region,territories,territories,7,25,2025,N/A,N/A,271,271,271,N/A,N/A,N/A,271,294,N/A,N/A,36.5,35.4,1.1,N/A,N/A,N/A,8.1,0.7,N/A,N/A,99,96,3,N/A,N/A,N/A,22,2
202435,20240831,20250220,province,yt,territories,35,1,2024,NA,NA,NA,NA,NA,NA,NA,NA,NA,46,NA,NA,NA,NA,NA,NA,NA,NA,NA,21.7,NA,NA,NA,NA,NA,NA,NA,NA,NA,10
202436,20240907,20250220,province,yt,territories,36,2,2024,NA,NA,NA,NA,NA,NA,NA,NA,NA,33,NA,NA,NA,NA,NA,NA,NA,NA,NA,18.2,NA,NA,NA,NA,NA,NA,NA,NA,NA,6
202437,20240914,20250220,province,yt,territories,37,3,2024,NA,NA,NA,NA,NA,NA,NA,NA,NA,56,NA,NA,NA,NA,NA,NA,NA,NA,NA,23.2,NA,NA,NA,NA,NA,NA,NA,NA,NA,13
202438,20240921,20250220,province,yt,territories,38,4,2024,NA,NA,NA,NA,NA,NA,NA,NA,NA,50,NA,NA,NA,NA,NA,NA,NA,NA,NA,12,NA,NA,NA,NA,NA,NA,NA,NA,NA,6
202439,20240928,20250220,province,yt,territories,39,5,2024,NA,NA,NA,NA,NA,NA,NA,NA,NA,45,NA,NA,NA,NA,NA,NA,NA,NA,NA,8.9,NA,NA,NA,NA,NA,NA,NA,NA,NA,4
202440,20241005,20250220,province,yt,territories,40,6,2024,NA,NA,NA,NA,NA,NA,NA,NA,NA,34,NA,NA,NA,NA,NA,NA,NA,NA,NA,2.9,NA,NA,NA,NA,NA,NA,NA,NA,NA,1
202441,20241012,20250220,province,yt,territories,41,7,2024,NA,NA,NA,NA,NA,NA,NA,NA,NA,51,NA,NA,NA,NA,NA,NA,NA,NA,NA,11.8,NA,NA,NA,NA,NA,NA,NA,NA,NA,6
202442,20241019,20250220,province,yt,territories,42,8,2024,NA,NA,NA,NA,NA,NA,NA,NA,NA,41,NA,NA,NA,NA,NA,NA,NA,NA,NA,2.4,NA,NA,NA,NA,NA,NA,NA,NA,NA,1
202443,20241026,20250220,province,yt,territories,43,9,2024,NA,NA,NA,NA,NA,NA,NA,NA,NA,44,NA,NA,NA,NA,NA,NA,NA,NA,NA,0,NA,NA,NA,NA,NA,NA,NA,NA,NA,0
202444,20241102,20250220,province,yt,territories,44,10,2024,NA,NA,NA,NA,NA,NA,NA,NA,NA,39,NA,NA,NA,NA,NA,NA,NA,NA,NA,5.1,NA,NA,NA,NA,NA,NA,NA,NA,NA,2
202445,20241109,20250220,province,yt,territories,45,11,2024,NA,NA,NA,NA,NA,NA,NA,NA,NA,50,NA,NA,NA,NA,NA,NA,NA,NA,NA,8,NA,NA,NA,NA,NA,NA,NA,NA,NA,4
202446,20241116,20250220,province,yt,territories,46,12,2024,NA,NA,NA,NA,NA,NA,NA,NA,NA,41,NA,NA,NA,NA,NA,NA,NA,NA,NA,0,NA,NA,NA,NA,NA,NA,NA,NA,NA,0
202447,20241123,20250220,province,yt,territories,47,13,2024,NA,NA,NA,NA,NA,NA,NA,NA,NA,43,NA,NA,NA,NA,NA,NA,NA,NA,NA,7,NA,NA,NA,NA,NA,NA,NA,NA,NA,3
202448,20241130,20250220,province,yt,territories,48,14,2024,NA,NA,NA,NA,NA,NA,NA,NA,NA,25,NA,NA,NA,NA,NA,NA,NA,NA,NA,4,NA,NA,NA,NA,NA,NA,NA,NA,NA,1
202449,20241207,20250220,province,yt,territories,49,15,2024,NA,NA,NA,NA,NA,NA,NA,NA,NA,44,NA,NA,NA,NA,NA,NA,NA,NA,NA,6.8,NA,NA,NA,NA,NA,NA,NA,NA,NA,3
202450,20241214,20250220,province,yt,territories,50,16,2024,NA,NA,NA,NA,NA,NA,NA,NA,NA,32,NA,NA,NA,NA,NA,NA,NA,NA,NA,9.4,NA,NA,NA,NA,NA,NA,NA,NA,NA,3
202451,20241221,20250220,province,yt,territories,51,17,2024,NA,NA,NA,NA,NA,NA,NA,NA,NA,44,NA,NA,NA,NA,NA,NA,NA,NA,NA,2.3,NA,NA,NA,NA,NA,NA,NA,NA,NA,1
202452,20241228,20250220,province,yt,territories,52,18,2024,NA,NA,NA,NA,NA,NA,NA,NA,NA,45,NA,NA,NA,NA,NA,NA,NA,NA,NA,0,NA,NA,NA,NA,NA,NA,NA,NA,NA,0
202501,20250104,20250220,province,yt,territories,1,19,2025,NA,NA,NA,NA,NA,NA,NA,NA,NA,51,NA,NA,NA,NA,NA,NA,NA,NA,NA,5.9,NA,NA,NA,NA,NA,NA,NA,NA,NA,3
202502,20250111,20250220,province,yt,territories,2,20,2025,NA,NA,NA,NA,NA,NA,NA,NA,NA,54,NA,NA,NA,NA,NA,NA,NA,NA,NA,5.6,NA,NA,NA,NA,NA,NA,NA,NA,NA,3
202503,20250118,20250220,province,yt,territories,3,21,2025,NA,NA,NA,NA,NA,NA,NA,NA,NA,41,NA,NA,NA,NA,NA,NA,NA,NA,NA,2.4,NA,NA,NA,NA,NA,NA,NA,NA,NA,1
202504,20250125,20250220,province,yt,territories,4,22,2025,NA,NA,NA,NA,NA,NA,NA,NA,NA,83,NA,NA,NA,NA,NA,NA,NA,NA,NA,3.6,NA,NA,NA,NA,NA,NA,NA,NA,NA,3
202505,20250201,20250220,province,yt,territories,5,23,2025,NA,NA,NA,NA,NA,NA,NA,NA,NA,63,NA,NA,NA,NA,NA,NA,NA,NA,NA,0,NA,NA,NA,NA,NA,NA,NA,NA,NA,0
202506,20250208,20250220,province,yt,territories,6,24,2025,NA,NA,NA,NA,NA,NA,NA,NA,NA,56,NA,NA,NA,NA,NA,NA,NA,NA,NA,0,NA,NA,NA,NA,NA,NA,NA,NA,NA,0
202507,20250215,20250220,province,yt,territories,7,25,2025,NA,NA,NA,NA,NA,NA,NA,NA,NA,76,NA,NA,NA,NA,NA,NA,NA,NA,NA,1.3,NA,NA,NA,NA,NA,NA,NA,NA,NA,1
